provincia_destino_name,day_of_week,month,viajes
"Balears, Illes",Thursday,9,27489
"Palmas, Las",Thursday,9,17094
Santa Cruz de Tenerife,Thursday,9,14233
"Balears, Illes",Friday,9,29444
"Palmas, Las",Friday,9,16292
Santa Cruz de Tenerife,Friday,9,14650
"Balears, Illes",Saturday,9,25071
"Palmas, Las",Saturday,9,17243
Santa Cruz de Tenerife,Saturday,9,14529
"Balears, Illes",Sunday,9,26637
"Palmas, Las",Sunday,9,18316
Santa Cruz de Tenerife,Sunday,9,14707
"Balears, Illes",Monday,9,26728
"Palmas, Las",Monday,9,17392
Santa Cruz de Tenerife,Monday,9,16112
"Balears, Illes",Tuesday,9,22712
"Palmas, Las",Tuesday,9,14765
Santa Cruz de Tenerife,Tuesday,9,14043
"Balears, Illes",Wednesday,9,23583
"Palmas, Las",Wednesday,9,15554
Santa Cruz de Tenerife,Wednesday,9,13759
"Balears, Illes",Thursday,9,26486
"Palmas, Las",Thursday,9,15257
Santa Cruz de Tenerife,Thursday,9,14055
"Balears, Illes",Friday,9,29731
"Palmas, Las",Friday,9,16628
Santa Cruz de Tenerife,Friday,9,15551
"Balears, Illes",Saturday,9,23150
"Palmas, Las",Saturday,9,16617
Santa Cruz de Tenerife,Saturday,9,14939
"Balears, Illes",Sunday,9,25153
"Palmas, Las",Sunday,9,21318
Santa Cruz de Tenerife,Sunday,9,15422
"Balears, Illes",Monday,9,25031
"Palmas, Las",Monday,9,18430
Santa Cruz de Tenerife,Monday,9,15731
"Balears, Illes",Tuesday,9,20641
"Palmas, Las",Tuesday,9,14743
Santa Cruz de Tenerife,Tuesday,9,14008
"Balears, Illes",Wednesday,9,20016
"Palmas, Las",Wednesday,9,16490
Santa Cruz de Tenerife,Wednesday,9,14268
"Balears, Illes",Thursday,9,23267
"Palmas, Las",Thursday,9,16648
Santa Cruz de Tenerife,Thursday,9,15457
"Balears, Illes",Friday,9,27108
"Palmas, Las",Friday,9,18007
Santa Cruz de Tenerife,Friday,9,16871
"Balears, Illes",Saturday,9,21077
"Palmas, Las",Saturday,9,16728
Santa Cruz de Tenerife,Saturday,9,15400
"Balears, Illes",Sunday,9,21847
"Palmas, Las",Sunday,9,21147
Santa Cruz de Tenerife,Sunday,9,18450
"Balears, Illes",Monday,9,24578
"Palmas, Las",Monday,9,18388
Santa Cruz de Tenerife,Monday,9,15863
"Balears, Illes",Tuesday,9,20956
"Palmas, Las",Tuesday,9,16018
Santa Cruz de Tenerife,Tuesday,9,14112
"Balears, Illes",Wednesday,9,20092
"Palmas, Las",Wednesday,9,15214
Santa Cruz de Tenerife,Wednesday,9,13637
"Balears, Illes",Thursday,9,20440
"Palmas, Las",Thursday,9,15824
Santa Cruz de Tenerife,Thursday,9,14310
"Balears, Illes",Friday,9,22701
"Palmas, Las",Friday,9,15475
Santa Cruz de Tenerife,Friday,9,14635
"Balears, Illes",Saturday,9,17678
"Palmas, Las",Saturday,9,15416
Santa Cruz de Tenerife,Saturday,9,12727
"Balears, Illes",Sunday,9,19562
"Palmas, Las",Sunday,9,12047
Santa Cruz de Tenerife,Sunday,9,7705
"Balears, Illes",Monday,9,22215
"Palmas, Las",Monday,9,16137
Santa Cruz de Tenerife,Monday,9,13131
"Balears, Illes",Tuesday,9,20040
"Palmas, Las",Tuesday,9,17162
Santa Cruz de Tenerife,Tuesday,9,16036
"Balears, Illes",Wednesday,9,18353
"Palmas, Las",Wednesday,9,15263
Santa Cruz de Tenerife,Wednesday,9,13985
"Balears, Illes",Thursday,9,18845
"Palmas, Las",Thursday,9,15891
Santa Cruz de Tenerife,Thursday,9,14109
"Balears, Illes",Friday,9,25108
"Palmas, Las",Friday,9,17955
Santa Cruz de Tenerife,Friday,9,17983
"Balears, Illes",Saturday,10,19817
"Palmas, Las",Saturday,10,18272
Santa Cruz de Tenerife,Saturday,10,16191
"Balears, Illes",Sunday,10,21623
"Palmas, Las",Sunday,10,19754
Santa Cruz de Tenerife,Sunday,10,16498
"Balears, Illes",Monday,10,23111
"Palmas, Las",Monday,10,17935
Santa Cruz de Tenerife,Monday,10,16361
"Balears, Illes",Tuesday,10,17704
"Palmas, Las",Tuesday,10,15876
Santa Cruz de Tenerife,Tuesday,10,14763
"Balears, Illes",Wednesday,10,17375
"Palmas, Las",Wednesday,10,15875
Santa Cruz de Tenerife,Wednesday,10,14216
"Balears, Illes",Thursday,10,20416
"Palmas, Las",Thursday,10,17049
Santa Cruz de Tenerife,Thursday,10,15709
"Balears, Illes",Friday,10,24290
"Palmas, Las",Friday,10,19356
Santa Cruz de Tenerife,Friday,10,17373
"Balears, Illes",Saturday,10,19298
"Palmas, Las",Saturday,10,18668
Santa Cruz de Tenerife,Saturday,10,16115
"Balears, Illes",Sunday,10,20471
"Palmas, Las",Sunday,10,20901
Santa Cruz de Tenerife,Sunday,10,18037
"Balears, Illes",Monday,10,20881
"Palmas, Las",Monday,10,17780
Santa Cruz de Tenerife,Monday,10,15724
"Balears, Illes",Tuesday,10,17072
"Palmas, Las",Tuesday,10,16523
Santa Cruz de Tenerife,Tuesday,10,14902
"Balears, Illes",Wednesday,10,17688
"Palmas, Las",Wednesday,10,16514
Santa Cruz de Tenerife,Wednesday,10,15043
"Balears, Illes",Thursday,10,20705
"Palmas, Las",Thursday,10,17802
Santa Cruz de Tenerife,Thursday,10,16507
"Balears, Illes",Friday,10,23571
"Palmas, Las",Friday,10,20867
Santa Cruz de Tenerife,Friday,10,17009
"Balears, Illes",Saturday,10,18667
"Palmas, Las",Saturday,10,17674
Santa Cruz de Tenerife,Saturday,10,16463
"Balears, Illes",Sunday,10,21786
"Palmas, Las",Sunday,10,25080
Santa Cruz de Tenerife,Sunday,10,20356
"Balears, Illes",Monday,10,21299
"Palmas, Las",Monday,10,17639
Santa Cruz de Tenerife,Monday,10,15529
"Balears, Illes",Tuesday,10,16314
"Palmas, Las",Tuesday,10,15473
Santa Cruz de Tenerife,Tuesday,10,14017
"Balears, Illes",Wednesday,10,16529
"Palmas, Las",Wednesday,10,20317
Santa Cruz de Tenerife,Wednesday,10,17945
"Balears, Illes",Thursday,10,19975
"Palmas, Las",Thursday,10,20843
Santa Cruz de Tenerife,Thursday,10,19295
"Balears, Illes",Friday,10,24277
"Palmas, Las",Friday,10,20907
Santa Cruz de Tenerife,Friday,10,20435
"Balears, Illes",Saturday,10,19155
"Palmas, Las",Saturday,10,27830
Santa Cruz de Tenerife,Saturday,10,25347
"Balears, Illes",Sunday,10,19727
"Palmas, Las",Sunday,10,30723
Santa Cruz de Tenerife,Sunday,10,26198
"Balears, Illes",Monday,10,21759
"Palmas, Las",Monday,10,23855
Santa Cruz de Tenerife,Monday,10,22369
"Balears, Illes",Tuesday,10,16597
"Palmas, Las",Tuesday,10,18390
Santa Cruz de Tenerife,Tuesday,10,18014
"Balears, Illes",Wednesday,10,16011
"Palmas, Las",Wednesday,10,20850
Santa Cruz de Tenerife,Wednesday,10,17361
"Balears, Illes",Thursday,10,19466
"Palmas, Las",Thursday,10,23128
Santa Cruz de Tenerife,Thursday,10,20416
"Balears, Illes",Friday,10,23512
"Palmas, Las",Friday,10,25932
Santa Cruz de Tenerife,Friday,10,23927
"Balears, Illes",Saturday,10,18901
"Palmas, Las",Saturday,10,40594
Santa Cruz de Tenerife,Saturday,10,33673
"Balears, Illes",Sunday,10,16091
"Palmas, Las",Sunday,10,41088
Santa Cruz de Tenerife,Sunday,10,37639
"Balears, Illes",Monday,10,17941
"Palmas, Las",Monday,10,30197
Santa Cruz de Tenerife,Monday,10,27881
"Balears, Illes",Tuesday,11,18057
"Palmas, Las",Tuesday,11,25601
Santa Cruz de Tenerife,Tuesday,11,23428
"Balears, Illes",Wednesday,11,16553
"Palmas, Las",Wednesday,11,24072
Santa Cruz de Tenerife,Wednesday,11,21949
"Balears, Illes",Thursday,11,14419
"Palmas, Las",Thursday,11,21698
Santa Cruz de Tenerife,Thursday,11,18376
"Balears, Illes",Friday,11,17515
"Palmas, Las",Friday,11,19915
Santa Cruz de Tenerife,Friday,11,19288
"Balears, Illes",Saturday,11,14441
"Palmas, Las",Saturday,11,28489
Santa Cruz de Tenerife,Saturday,11,24639
"Balears, Illes",Sunday,11,17161
"Palmas, Las",Sunday,11,33656
Santa Cruz de Tenerife,Sunday,11,29482
"Balears, Illes",Monday,11,17169
"Palmas, Las",Monday,11,20675
Santa Cruz de Tenerife,Monday,11,17926
"Balears, Illes",Tuesday,11,15010
"Palmas, Las",Tuesday,11,15021
Santa Cruz de Tenerife,Tuesday,11,14459
"Balears, Illes",Wednesday,11,14632
"Palmas, Las",Wednesday,11,15524
Santa Cruz de Tenerife,Wednesday,11,13845
"Balears, Illes",Thursday,11,14867
"Palmas, Las",Thursday,11,17091
Santa Cruz de Tenerife,Thursday,11,13912
"Balears, Illes",Friday,11,17375
"Palmas, Las",Friday,11,18408
Santa Cruz de Tenerife,Friday,11,17677
"Balears, Illes",Saturday,11,15700
"Palmas, Las",Saturday,11,14285
Santa Cruz de Tenerife,Saturday,11,13305
"Balears, Illes",Sunday,11,17510
"Palmas, Las",Sunday,11,17606
Santa Cruz de Tenerife,Sunday,11,16843
"Balears, Illes",Monday,11,17954
"Palmas, Las",Monday,11,18653
Santa Cruz de Tenerife,Monday,11,16816
"Balears, Illes",Tuesday,11,15964
"Palmas, Las",Tuesday,11,14281
Santa Cruz de Tenerife,Tuesday,11,15093
"Balears, Illes",Wednesday,11,14462
"Palmas, Las",Wednesday,11,14875
Santa Cruz de Tenerife,Wednesday,11,13725
"Balears, Illes",Thursday,11,14954
"Palmas, Las",Thursday,11,17439
Santa Cruz de Tenerife,Thursday,11,13895
"Balears, Illes",Friday,11,17230
"Palmas, Las",Friday,11,21763
Santa Cruz de Tenerife,Friday,11,16661
"Balears, Illes",Saturday,11,15031
"Palmas, Las",Saturday,11,15655
Santa Cruz de Tenerife,Saturday,11,14961
"Balears, Illes",Sunday,11,19078
"Palmas, Las",Sunday,11,16671
Santa Cruz de Tenerife,Sunday,11,15617
"Balears, Illes",Monday,11,17534
"Palmas, Las",Monday,11,17919
Santa Cruz de Tenerife,Monday,11,16203
"Balears, Illes",Tuesday,11,15415
"Palmas, Las",Tuesday,11,13343
Santa Cruz de Tenerife,Tuesday,11,14184
"Balears, Illes",Wednesday,11,14447
"Palmas, Las",Wednesday,11,13631
Santa Cruz de Tenerife,Wednesday,11,15550
"Balears, Illes",Thursday,11,14307
"Palmas, Las",Thursday,11,16689
Santa Cruz de Tenerife,Thursday,11,13876
"Balears, Illes",Friday,11,16462
"Palmas, Las",Friday,11,19918
Santa Cruz de Tenerife,Friday,11,17752
"Balears, Illes",Saturday,11,13582
"Palmas, Las",Saturday,11,16052
Santa Cruz de Tenerife,Saturday,11,14244
"Balears, Illes",Sunday,11,17638
"Palmas, Las",Sunday,11,17840
Santa Cruz de Tenerife,Sunday,11,16010
"Balears, Illes",Monday,11,16613
"Palmas, Las",Monday,11,16324
Santa Cruz de Tenerife,Monday,11,14783
"Balears, Illes",Tuesday,11,16278
"Palmas, Las",Tuesday,11,14181
Santa Cruz de Tenerife,Tuesday,11,14669
"Balears, Illes",Wednesday,11,15397
"Palmas, Las",Wednesday,11,14188
Santa Cruz de Tenerife,Wednesday,11,13706
"Balears, Illes",Thursday,12,14993
"Palmas, Las",Thursday,12,18288
Santa Cruz de Tenerife,Thursday,12,14269
"Balears, Illes",Friday,12,17656
"Palmas, Las",Friday,12,19857
Santa Cruz de Tenerife,Friday,12,19352
"Balears, Illes",Saturday,12,16642
"Palmas, Las",Saturday,12,19263
Santa Cruz de Tenerife,Saturday,12,16744
"Balears, Illes",Sunday,12,15958
"Palmas, Las",Sunday,12,17442
Santa Cruz de Tenerife,Sunday,12,14860
"Balears, Illes",Monday,12,15905
"Palmas, Las",Monday,12,35331
Santa Cruz de Tenerife,Monday,12,31799
"Balears, Illes",Tuesday,12,14868
"Palmas, Las",Tuesday,12,17513
Santa Cruz de Tenerife,Tuesday,12,17547
"Balears, Illes",Wednesday,12,15967
"Palmas, Las",Wednesday,12,27849
Santa Cruz de Tenerife,Wednesday,12,25458
"Balears, Illes",Thursday,12,15084
"Palmas, Las",Thursday,12,18959
Santa Cruz de Tenerife,Thursday,12,15581
"Balears, Illes",Friday,12,15232
"Palmas, Las",Friday,12,18241
Santa Cruz de Tenerife,Friday,12,14999
"Balears, Illes",Saturday,12,14993
"Palmas, Las",Saturday,12,17456
Santa Cruz de Tenerife,Saturday,12,16092
"Balears, Illes",Sunday,12,18485
"Palmas, Las",Sunday,12,19872
Santa Cruz de Tenerife,Sunday,12,17405
"Balears, Illes",Monday,12,17135
"Palmas, Las",Monday,12,17715
Santa Cruz de Tenerife,Monday,12,15520
"Balears, Illes",Tuesday,12,15014
"Palmas, Las",Tuesday,12,14681
Santa Cruz de Tenerife,Tuesday,12,14724
"Balears, Illes",Wednesday,12,12745
"Palmas, Las",Wednesday,12,14619
Santa Cruz de Tenerife,Wednesday,12,13786
"Balears, Illes",Thursday,12,13825
"Palmas, Las",Thursday,12,17219
Santa Cruz de Tenerife,Thursday,12,14210
"Balears, Illes",Friday,12,15215
"Palmas, Las",Friday,12,17103
Santa Cruz de Tenerife,Friday,12,16730
"Balears, Illes",Saturday,12,13216
"Palmas, Las",Saturday,12,17980
Santa Cruz de Tenerife,Saturday,12,16362
"Balears, Illes",Sunday,12,16074
"Palmas, Las",Sunday,12,16982
Santa Cruz de Tenerife,Sunday,12,15055
"Balears, Illes",Monday,12,15684
"Palmas, Las",Monday,12,16545
Santa Cruz de Tenerife,Monday,12,16101
"Balears, Illes",Tuesday,12,14443
"Palmas, Las",Tuesday,12,15800
Santa Cruz de Tenerife,Tuesday,12,15205
"Balears, Illes",Wednesday,12,14644
"Palmas, Las",Wednesday,12,17147
Santa Cruz de Tenerife,Wednesday,12,14716
"Balears, Illes",Thursday,12,17286
"Palmas, Las",Thursday,12,19951
Santa Cruz de Tenerife,Thursday,12,16525
"Balears, Illes",Friday,12,18841
"Palmas, Las",Friday,12,25078
Santa Cruz de Tenerife,Friday,12,18870
"Balears, Illes",Saturday,12,13340
"Palmas, Las",Saturday,12,16578
Santa Cruz de Tenerife,Saturday,12,14987
"Balears, Illes",Sunday,12,10069
"Palmas, Las",Sunday,12,12116
Santa Cruz de Tenerife,Sunday,12,11498
"Balears, Illes",Monday,12,17006
"Palmas, Las",Monday,12,18694
Santa Cruz de Tenerife,Monday,12,15662
"Balears, Illes",Tuesday,12,19657
"Palmas, Las",Tuesday,12,17548
Santa Cruz de Tenerife,Tuesday,12,15989
"Balears, Illes",Wednesday,12,17140
"Palmas, Las",Wednesday,12,17187
Santa Cruz de Tenerife,Wednesday,12,16235
"Balears, Illes",Thursday,12,18268
"Palmas, Las",Thursday,12,24407
Santa Cruz de Tenerife,Thursday,12,16129
"Balears, Illes",Friday,12,20991
"Palmas, Las",Friday,12,19696
Santa Cruz de Tenerife,Friday,12,16769
"Balears, Illes",Saturday,12,14313
"Palmas, Las",Saturday,12,18010
Santa Cruz de Tenerife,Saturday,12,13029
"Balears, Illes",Sunday,1,14262
"Palmas, Las",Sunday,1,14483
Santa Cruz de Tenerife,Sunday,1,12368
"Balears, Illes",Monday,1,19497
"Palmas, Las",Monday,1,18577
Santa Cruz de Tenerife,Monday,1,17133
"Balears, Illes",Tuesday,1,19379
"Palmas, Las",Tuesday,1,18473
Santa Cruz de Tenerife,Tuesday,1,17639
"Balears, Illes",Wednesday,1,17099
"Palmas, Las",Wednesday,1,14628
Santa Cruz de Tenerife,Wednesday,1,14158
"Balears, Illes",Thursday,1,15358
"Palmas, Las",Thursday,1,15786
Santa Cruz de Tenerife,Thursday,1,12624
"Balears, Illes",Friday,1,14138
"Palmas, Las",Friday,1,13045
Santa Cruz de Tenerife,Friday,1,11240
"Balears, Illes",Saturday,1,18756
"Palmas, Las",Saturday,1,16947
Santa Cruz de Tenerife,Saturday,1,14457
"Balears, Illes",Sunday,1,18075
"Palmas, Las",Sunday,1,16367
Santa Cruz de Tenerife,Sunday,1,15249
"Balears, Illes",Monday,1,16763
"Palmas, Las",Monday,1,15889
Santa Cruz de Tenerife,Monday,1,14031
"Balears, Illes",Tuesday,1,14096
"Palmas, Las",Tuesday,1,12421
Santa Cruz de Tenerife,Tuesday,1,14245
"Balears, Illes",Wednesday,1,12551
"Palmas, Las",Wednesday,1,13086
Santa Cruz de Tenerife,Wednesday,1,11717
"Balears, Illes",Thursday,1,10647
"Palmas, Las",Thursday,1,13742
Santa Cruz de Tenerife,Thursday,1,10809
"Balears, Illes",Friday,1,11866
"Palmas, Las",Friday,1,13124
Santa Cruz de Tenerife,Friday,1,12519
"Balears, Illes",Saturday,1,10247
"Palmas, Las",Saturday,1,13127
Santa Cruz de Tenerife,Saturday,1,11763
"Balears, Illes",Sunday,1,12025
"Palmas, Las",Sunday,1,13127
Santa Cruz de Tenerife,Sunday,1,11087
"Balears, Illes",Monday,1,10194
"Palmas, Las",Monday,1,12439
Santa Cruz de Tenerife,Monday,1,11919
"Balears, Illes",Tuesday,1,10130
"Palmas, Las",Tuesday,1,10773
Santa Cruz de Tenerife,Tuesday,1,11545
"Balears, Illes",Wednesday,1,10188
"Palmas, Las",Wednesday,1,11815
Santa Cruz de Tenerife,Wednesday,1,10101
"Balears, Illes",Thursday,1,11175
"Palmas, Las",Thursday,1,15517
Santa Cruz de Tenerife,Thursday,1,13994
"Balears, Illes",Friday,1,13627
"Palmas, Las",Friday,1,18360
Santa Cruz de Tenerife,Friday,1,13801
"Balears, Illes",Saturday,1,11120
"Palmas, Las",Saturday,1,13354
Santa Cruz de Tenerife,Saturday,1,12090
"Balears, Illes",Sunday,1,13577
"Palmas, Las",Sunday,1,14350
Santa Cruz de Tenerife,Sunday,1,11353
"Balears, Illes",Monday,1,13886
"Palmas, Las",Monday,1,13679
Santa Cruz de Tenerife,Monday,1,11815
"Balears, Illes",Tuesday,1,11887
"Palmas, Las",Tuesday,1,11096
Santa Cruz de Tenerife,Tuesday,1,12412
"Balears, Illes",Wednesday,1,10718
"Palmas, Las",Wednesday,1,12622
Santa Cruz de Tenerife,Wednesday,1,11713
"Balears, Illes",Thursday,1,11433
"Palmas, Las",Thursday,1,14786
Santa Cruz de Tenerife,Thursday,1,12333
"Balears, Illes",Friday,1,13964
"Palmas, Las",Friday,1,16175
Santa Cruz de Tenerife,Friday,1,16502
"Balears, Illes",Saturday,1,12153
"Palmas, Las",Saturday,1,16424
Santa Cruz de Tenerife,Saturday,1,12440
"Balears, Illes",Sunday,1,13627
"Palmas, Las",Sunday,1,14263
Santa Cruz de Tenerife,Sunday,1,12660
"Balears, Illes",Monday,1,13388
"Palmas, Las",Monday,1,15203
Santa Cruz de Tenerife,Monday,1,13168
"Balears, Illes",Tuesday,1,13554
"Palmas, Las",Tuesday,1,12828
Santa Cruz de Tenerife,Tuesday,1,13464
"Balears, Illes",Wednesday,2,12880
"Palmas, Las",Wednesday,2,14480
Santa Cruz de Tenerife,Wednesday,2,13720
"Balears, Illes",Thursday,2,13404
"Palmas, Las",Thursday,2,14909
Santa Cruz de Tenerife,Thursday,2,12655
"Balears, Illes",Friday,2,17664
"Palmas, Las",Friday,2,15808
Santa Cruz de Tenerife,Friday,2,16106
"Balears, Illes",Saturday,2,13212
"Palmas, Las",Saturday,2,15207
Santa Cruz de Tenerife,Saturday,2,13610
"Balears, Illes",Sunday,2,15949
"Palmas, Las",Sunday,2,16456
Santa Cruz de Tenerife,Sunday,2,14942
"Balears, Illes",Monday,2,16598
"Palmas, Las",Monday,2,16269
Santa Cruz de Tenerife,Monday,2,14971
"Balears, Illes",Tuesday,2,13755
"Palmas, Las",Tuesday,2,13795
Santa Cruz de Tenerife,Tuesday,2,14400
"Balears, Illes",Wednesday,2,12693
"Palmas, Las",Wednesday,2,14160
Santa Cruz de Tenerife,Wednesday,2,13271
"Balears, Illes",Thursday,2,14880
"Palmas, Las",Thursday,2,18527
Santa Cruz de Tenerife,Thursday,2,14346
"Balears, Illes",Friday,2,16931
"Palmas, Las",Friday,2,17860
Santa Cruz de Tenerife,Friday,2,16156
"Balears, Illes",Saturday,2,12946
"Palmas, Las",Saturday,2,16631
Santa Cruz de Tenerife,Saturday,2,13561
"Balears, Illes",Sunday,2,17225
"Palmas, Las",Sunday,2,16285
Santa Cruz de Tenerife,Sunday,2,14107
"Balears, Illes",Monday,2,17748
"Palmas, Las",Monday,2,16230
Santa Cruz de Tenerife,Monday,2,16068
"Balears, Illes",Tuesday,2,15838
"Palmas, Las",Tuesday,2,13822
Santa Cruz de Tenerife,Tuesday,2,13906
"Balears, Illes",Wednesday,2,14997
"Palmas, Las",Wednesday,2,14883
Santa Cruz de Tenerife,Wednesday,2,14417
"Balears, Illes",Thursday,2,15962
"Palmas, Las",Thursday,2,16609
Santa Cruz de Tenerife,Thursday,2,14956
"Balears, Illes",Friday,2,19983
"Palmas, Las",Friday,2,19053
Santa Cruz de Tenerife,Friday,2,19761
"Balears, Illes",Saturday,2,15282
"Palmas, Las",Saturday,2,17535
Santa Cruz de Tenerife,Saturday,2,17454
"Balears, Illes",Sunday,2,18555
"Palmas, Las",Sunday,2,17485
Santa Cruz de Tenerife,Sunday,2,13617
"Balears, Illes",Monday,2,19390
"Palmas, Las",Monday,2,17742
Santa Cruz de Tenerife,Monday,2,15687
"Balears, Illes",Tuesday,2,15902
"Palmas, Las",Tuesday,2,20022
Santa Cruz de Tenerife,Tuesday,2,14273
"Balears, Illes",Wednesday,2,15184
"Palmas, Las",Wednesday,2,16380
Santa Cruz de Tenerife,Wednesday,2,15103
"Balears, Illes",Thursday,2,15897
"Palmas, Las",Thursday,2,18184
Santa Cruz de Tenerife,Thursday,2,14396
"Balears, Illes",Friday,2,18034
"Palmas, Las",Friday,2,18827
Santa Cruz de Tenerife,Friday,2,17082
"Balears, Illes",Saturday,2,14838
"Palmas, Las",Saturday,2,18689
Santa Cruz de Tenerife,Saturday,2,18180
"Balears, Illes",Sunday,2,16573
"Palmas, Las",Sunday,2,20638
Santa Cruz de Tenerife,Sunday,2,13663
"Balears, Illes",Monday,2,17884
"Palmas, Las",Monday,2,16872
Santa Cruz de Tenerife,Monday,2,14185
"Balears, Illes",Tuesday,2,18242
"Palmas, Las",Tuesday,2,14032
Santa Cruz de Tenerife,Tuesday,2,15426
"Balears, Illes",Wednesday,3,17802
"Palmas, Las",Wednesday,3,14139
Santa Cruz de Tenerife,Wednesday,3,13954
"Balears, Illes",Thursday,3,19762
"Palmas, Las",Thursday,3,18700
Santa Cruz de Tenerife,Thursday,3,13241
"Balears, Illes",Friday,3,20274
"Palmas, Las",Friday,3,19376
Santa Cruz de Tenerife,Friday,3,15819
"Balears, Illes",Saturday,3,16003
"Palmas, Las",Saturday,3,16473
Santa Cruz de Tenerife,Saturday,3,13490
"Balears, Illes",Sunday,3,19488
"Palmas, Las",Sunday,3,15718
Santa Cruz de Tenerife,Sunday,3,14470
"Balears, Illes",Monday,3,19082
"Palmas, Las",Monday,3,16458
Santa Cruz de Tenerife,Monday,3,14971
"Balears, Illes",Tuesday,3,16145
"Palmas, Las",Tuesday,3,15953
Santa Cruz de Tenerife,Tuesday,3,14799
"Balears, Illes",Wednesday,3,16754
"Palmas, Las",Wednesday,3,15689
Santa Cruz de Tenerife,Wednesday,3,14182
"Balears, Illes",Thursday,3,16206
"Palmas, Las",Thursday,3,18157
Santa Cruz de Tenerife,Thursday,3,13903
"Balears, Illes",Friday,3,19377
"Palmas, Las",Friday,3,17940
Santa Cruz de Tenerife,Friday,3,17212
"Balears, Illes",Saturday,3,16066
"Palmas, Las",Saturday,3,18944
Santa Cruz de Tenerife,Saturday,3,15123
"Balears, Illes",Sunday,3,18762
"Palmas, Las",Sunday,3,17919
Santa Cruz de Tenerife,Sunday,3,15863
"Balears, Illes",Monday,3,19794
"Palmas, Las",Monday,3,18669
Santa Cruz de Tenerife,Monday,3,16724
"Balears, Illes",Tuesday,3,17521
"Palmas, Las",Tuesday,3,14088
Santa Cruz de Tenerife,Tuesday,3,14695
"Balears, Illes",Wednesday,3,16858
"Palmas, Las",Wednesday,3,15989
Santa Cruz de Tenerife,Wednesday,3,14339
"Balears, Illes",Thursday,3,18775
"Palmas, Las",Thursday,3,19024
Santa Cruz de Tenerife,Thursday,3,15685
"Balears, Illes",Friday,3,20638
"Palmas, Las",Friday,3,20860
Santa Cruz de Tenerife,Friday,3,16576
"Balears, Illes",Saturday,3,17324
"Palmas, Las",Saturday,3,17279
Santa Cruz de Tenerife,Saturday,3,14233
"Balears, Illes",Sunday,3,19229
"Palmas, Las",Sunday,3,18652
Santa Cruz de Tenerife,Sunday,3,15369
"Balears, Illes",Monday,3,21650
"Palmas, Las",Monday,3,16987
Santa Cruz de Tenerife,Monday,3,15630
"Balears, Illes",Tuesday,3,18484
"Palmas, Las",Tuesday,3,14555
Santa Cruz de Tenerife,Tuesday,3,14251
"Balears, Illes",Wednesday,3,17309
"Palmas, Las",Wednesday,3,14191
Santa Cruz de Tenerife,Wednesday,3,14725
"Balears, Illes",Thursday,3,17911
"Palmas, Las",Thursday,3,17882
Santa Cruz de Tenerife,Thursday,3,14855
"Balears, Illes",Friday,3,20941
"Palmas, Las",Friday,3,30639
Santa Cruz de Tenerife,Friday,3,28464
"Balears, Illes",Saturday,3,18568
"Palmas, Las",Saturday,3,19549
Santa Cruz de Tenerife,Saturday,3,16582
"Balears, Illes",Sunday,3,20556
"Palmas, Las",Sunday,3,17857
Santa Cruz de Tenerife,Sunday,3,16619
"Balears, Illes",Monday,3,22200
"Palmas, Las",Monday,3,16924
Santa Cruz de Tenerife,Monday,3,15203
"Balears, Illes",Tuesday,3,20906
"Palmas, Las",Tuesday,3,14887
Santa Cruz de Tenerife,Tuesday,3,16153
"Balears, Illes",Wednesday,3,19896
"Palmas, Las",Wednesday,3,15654
Santa Cruz de Tenerife,Wednesday,3,15177
"Balears, Illes",Thursday,3,22107
"Palmas, Las",Thursday,3,20649
Santa Cruz de Tenerife,Thursday,3,16448
"Balears, Illes",Friday,3,25316
"Palmas, Las",Friday,3,22898
Santa Cruz de Tenerife,Friday,3,17676
"Balears, Illes",Saturday,4,21863
"Palmas, Las",Saturday,4,20220
Santa Cruz de Tenerife,Saturday,4,17479
"Balears, Illes",Sunday,4,21675
"Palmas, Las",Sunday,4,17449
Santa Cruz de Tenerife,Sunday,4,15038
"Balears, Illes",Monday,4,22468
"Palmas, Las",Monday,4,17267
Santa Cruz de Tenerife,Monday,4,15802
"Balears, Illes",Tuesday,4,21919
"Palmas, Las",Tuesday,4,15750
Santa Cruz de Tenerife,Tuesday,4,15732
"Balears, Illes",Wednesday,4,22903
"Palmas, Las",Wednesday,4,18199
Santa Cruz de Tenerife,Wednesday,4,16504
"Balears, Illes",Thursday,4,24348
"Palmas, Las",Thursday,4,20920
Santa Cruz de Tenerife,Thursday,4,16626
"Balears, Illes",Friday,4,21163
"Palmas, Las",Friday,4,14100
Santa Cruz de Tenerife,Friday,4,13601
"Balears, Illes",Saturday,4,16555
"Palmas, Las",Saturday,4,17436
Santa Cruz de Tenerife,Saturday,4,15712
"Balears, Illes",Sunday,4,21530
"Palmas, Las",Sunday,4,20641
Santa Cruz de Tenerife,Sunday,4,18295
"Balears, Illes",Monday,4,23702
"Palmas, Las",Monday,4,17001
Santa Cruz de Tenerife,Monday,4,15638
"Balears, Illes",Tuesday,4,21828
"Palmas, Las",Tuesday,4,13692
Santa Cruz de Tenerife,Tuesday,4,14885
"Balears, Illes",Wednesday,4,19895
"Palmas, Las",Wednesday,4,14380
Santa Cruz de Tenerife,Wednesday,4,13706
"Balears, Illes",Thursday,4,20862
"Palmas, Las",Thursday,4,19226
Santa Cruz de Tenerife,Thursday,4,14640
"Balears, Illes",Friday,4,22950
"Palmas, Las",Friday,4,16428
Santa Cruz de Tenerife,Friday,4,15035
"Balears, Illes",Saturday,4,21012
"Palmas, Las",Saturday,4,14654
Santa Cruz de Tenerife,Saturday,4,13136
"Balears, Illes",Sunday,4,23271
"Palmas, Las",Sunday,4,15673
Santa Cruz de Tenerife,Sunday,4,14452
"Balears, Illes",Monday,4,22450
"Palmas, Las",Monday,4,16143
Santa Cruz de Tenerife,Monday,4,14857
"Balears, Illes",Tuesday,4,20157
"Palmas, Las",Tuesday,4,13040
Santa Cruz de Tenerife,Tuesday,4,13347
"Balears, Illes",Wednesday,4,18934
"Palmas, Las",Wednesday,4,13690
Santa Cruz de Tenerife,Wednesday,4,12999
"Balears, Illes",Thursday,4,22019
"Palmas, Las",Thursday,4,15240
Santa Cruz de Tenerife,Thursday,4,13453
"Balears, Illes",Friday,4,24846
"Palmas, Las",Friday,4,15903
Santa Cruz de Tenerife,Friday,4,16171
"Balears, Illes",Saturday,4,18842
"Palmas, Las",Saturday,4,14108
Santa Cruz de Tenerife,Saturday,4,13259
"Balears, Illes",Sunday,4,20836
"Palmas, Las",Sunday,4,16892
Santa Cruz de Tenerife,Sunday,4,14148
"Balears, Illes",Monday,4,23636
"Palmas, Las",Monday,4,16182
Santa Cruz de Tenerife,Monday,4,13720
"Balears, Illes",Tuesday,4,20095
"Palmas, Las",Tuesday,4,13669
Santa Cruz de Tenerife,Tuesday,4,14034
"Balears, Illes",Wednesday,4,21960
"Palmas, Las",Wednesday,4,14386
Santa Cruz de Tenerife,Wednesday,4,13402
"Balears, Illes",Thursday,4,26107
"Palmas, Las",Thursday,4,16952
Santa Cruz de Tenerife,Thursday,4,15430
"Balears, Illes",Friday,4,28875
"Palmas, Las",Friday,4,18352
Santa Cruz de Tenerife,Friday,4,16705
"Balears, Illes",Saturday,4,25682
"Palmas, Las",Saturday,4,17528
Santa Cruz de Tenerife,Saturday,4,16849
"Balears, Illes",Sunday,4,22150
"Palmas, Las",Sunday,4,14960
Santa Cruz de Tenerife,Sunday,4,13368
"Balears, Illes",Monday,5,24828
"Palmas, Las",Monday,5,19160
Santa Cruz de Tenerife,Monday,5,14895
"Balears, Illes",Tuesday,5,21405
"Palmas, Las",Tuesday,5,15837
Santa Cruz de Tenerife,Tuesday,5,14352
"Balears, Illes",Wednesday,5,20948
"Palmas, Las",Wednesday,5,13293
Santa Cruz de Tenerife,Wednesday,5,13279
"Balears, Illes",Thursday,5,24045
"Palmas, Las",Thursday,5,16228
Santa Cruz de Tenerife,Thursday,5,13687
"Balears, Illes",Friday,5,26113
"Palmas, Las",Friday,5,15999
Santa Cruz de Tenerife,Friday,5,14859
"Balears, Illes",Saturday,5,21640
"Palmas, Las",Saturday,5,13837
Santa Cruz de Tenerife,Saturday,5,12230
"Balears, Illes",Sunday,5,21804
"Palmas, Las",Sunday,5,16751
Santa Cruz de Tenerife,Sunday,5,16696
"Balears, Illes",Monday,5,22033
"Palmas, Las",Monday,5,15540
Santa Cruz de Tenerife,Monday,5,12720
"Balears, Illes",Tuesday,5,20729
"Palmas, Las",Tuesday,5,14269
Santa Cruz de Tenerife,Tuesday,5,13149
"Balears, Illes",Wednesday,5,20884
"Palmas, Las",Wednesday,5,13514
Santa Cruz de Tenerife,Wednesday,5,13331
"Balears, Illes",Thursday,5,24703
"Palmas, Las",Thursday,5,15786
Santa Cruz de Tenerife,Thursday,5,13743
"Balears, Illes",Friday,5,26882
"Palmas, Las",Friday,5,16682
Santa Cruz de Tenerife,Friday,5,14977
"Balears, Illes",Saturday,5,20523
"Palmas, Las",Saturday,5,14205
Santa Cruz de Tenerife,Saturday,5,12205
"Balears, Illes",Sunday,5,21881
"Palmas, Las",Sunday,5,16046
Santa Cruz de Tenerife,Sunday,5,13782
"Balears, Illes",Monday,5,23799
"Palmas, Las",Monday,5,15461
Santa Cruz de Tenerife,Monday,5,13593
"Balears, Illes",Tuesday,5,21733
"Palmas, Las",Tuesday,5,13669
Santa Cruz de Tenerife,Tuesday,5,12260
"Balears, Illes",Wednesday,5,22143
"Palmas, Las",Wednesday,5,14011
Santa Cruz de Tenerife,Wednesday,5,12415
"Balears, Illes",Thursday,5,23108
"Palmas, Las",Thursday,5,16028
Santa Cruz de Tenerife,Thursday,5,13689
"Balears, Illes",Friday,5,26388
"Palmas, Las",Friday,5,15721
Santa Cruz de Tenerife,Friday,5,14502
"Balears, Illes",Saturday,5,20901
"Palmas, Las",Saturday,5,14362
Santa Cruz de Tenerife,Saturday,5,12442
"Balears, Illes",Sunday,5,21431
"Palmas, Las",Sunday,5,16792
Santa Cruz de Tenerife,Sunday,5,13252
"Balears, Illes",Monday,5,24106
"Palmas, Las",Monday,5,16304
Santa Cruz de Tenerife,Monday,5,13192
"Balears, Illes",Tuesday,5,20965
"Palmas, Las",Tuesday,5,13487
Santa Cruz de Tenerife,Tuesday,5,12315
"Balears, Illes",Wednesday,5,20986
"Palmas, Las",Wednesday,5,14627
Santa Cruz de Tenerife,Wednesday,5,13254
"Balears, Illes",Thursday,5,23854
"Palmas, Las",Thursday,5,15820
Santa Cruz de Tenerife,Thursday,5,13831
"Balears, Illes",Friday,5,26710
"Palmas, Las",Friday,5,16994
Santa Cruz de Tenerife,Friday,5,15089
"Balears, Illes",Saturday,5,24308
"Palmas, Las",Saturday,5,16227
Santa Cruz de Tenerife,Saturday,5,13323
"Balears, Illes",Sunday,5,23838
"Palmas, Las",Sunday,5,14370
Santa Cruz de Tenerife,Sunday,5,14061
"Balears, Illes",Monday,5,24455
"Palmas, Las",Monday,5,15247
Santa Cruz de Tenerife,Monday,5,12672
"Balears, Illes",Tuesday,5,24413
"Palmas, Las",Tuesday,5,14844
Santa Cruz de Tenerife,Tuesday,5,14295
"Balears, Illes",Wednesday,5,22011
"Palmas, Las",Wednesday,5,16094
Santa Cruz de Tenerife,Wednesday,5,13801
"Balears, Illes",Thursday,6,25122
"Palmas, Las",Thursday,6,14195
Santa Cruz de Tenerife,Thursday,6,13809
"Balears, Illes",Friday,6,28271
"Palmas, Las",Friday,6,15907
Santa Cruz de Tenerife,Friday,6,14715
"Balears, Illes",Saturday,6,23703
"Palmas, Las",Saturday,6,16465
Santa Cruz de Tenerife,Saturday,6,12566
"Balears, Illes",Sunday,6,25073
"Palmas, Las",Sunday,6,15816
Santa Cruz de Tenerife,Sunday,6,13826
"Balears, Illes",Monday,6,24968
"Palmas, Las",Monday,6,15887
Santa Cruz de Tenerife,Monday,6,13969
"Balears, Illes",Tuesday,6,22043
"Palmas, Las",Tuesday,6,12978
Santa Cruz de Tenerife,Tuesday,6,12427
"Balears, Illes",Wednesday,6,21553
"Palmas, Las",Wednesday,6,10760
Santa Cruz de Tenerife,Wednesday,6,10546
"Balears, Illes",Thursday,6,27265
"Palmas, Las",Thursday,6,14104
Santa Cruz de Tenerife,Thursday,6,12343
"Balears, Illes",Friday,6,33606
"Palmas, Las",Friday,6,15950
Santa Cruz de Tenerife,Friday,6,14995
"Balears, Illes",Saturday,6,30761
"Palmas, Las",Saturday,6,14141
Santa Cruz de Tenerife,Saturday,6,12878
"Balears, Illes",Sunday,6,29438
"Palmas, Las",Sunday,6,15874
Santa Cruz de Tenerife,Sunday,6,15946
"Balears, Illes",Monday,6,29148
"Palmas, Las",Monday,6,16837
Santa Cruz de Tenerife,Monday,6,14549
"Balears, Illes",Tuesday,6,31262
"Palmas, Las",Tuesday,6,17398
Santa Cruz de Tenerife,Tuesday,6,16513
"Balears, Illes",Wednesday,6,26626
"Palmas, Las",Wednesday,6,14671
Santa Cruz de Tenerife,Wednesday,6,12821
"Balears, Illes",Thursday,6,32143
"Palmas, Las",Thursday,6,15812
Santa Cruz de Tenerife,Thursday,6,13897
"Balears, Illes",Friday,6,34856
"Palmas, Las",Friday,6,17847
Santa Cruz de Tenerife,Friday,6,15182
"Balears, Illes",Saturday,6,28586
"Palmas, Las",Saturday,6,14887
Santa Cruz de Tenerife,Saturday,6,12477
"Balears, Illes",Sunday,6,29693
"Palmas, Las",Sunday,6,15911
Santa Cruz de Tenerife,Sunday,6,14442
"Balears, Illes",Monday,6,32324
"Palmas, Las",Monday,6,16642
Santa Cruz de Tenerife,Monday,6,14170
"Balears, Illes",Tuesday,6,31576
"Palmas, Las",Tuesday,6,15334
Santa Cruz de Tenerife,Tuesday,6,13216
"Balears, Illes",Wednesday,6,35921
"Palmas, Las",Wednesday,6,15999
Santa Cruz de Tenerife,Wednesday,6,12953
"Balears, Illes",Thursday,6,36962
"Palmas, Las",Thursday,6,17250
Santa Cruz de Tenerife,Thursday,6,13454
"Balears, Illes",Friday,6,39642
"Palmas, Las",Friday,6,18189
Santa Cruz de Tenerife,Friday,6,14498
"Balears, Illes",Saturday,6,33084
"Palmas, Las",Saturday,6,14485
Santa Cruz de Tenerife,Saturday,6,11978
"Balears, Illes",Sunday,6,32021
"Palmas, Las",Sunday,6,17084
Santa Cruz de Tenerife,Sunday,6,16245
"Balears, Illes",Monday,6,28133
"Palmas, Las",Monday,6,15774
Santa Cruz de Tenerife,Monday,6,14435
"Balears, Illes",Tuesday,6,27002
"Palmas, Las",Tuesday,6,14784
Santa Cruz de Tenerife,Tuesday,6,13965
"Balears, Illes",Wednesday,6,27214
"Palmas, Las",Wednesday,6,15270
Santa Cruz de Tenerife,Wednesday,6,14469
"Balears, Illes",Thursday,6,30307
"Palmas, Las",Thursday,6,17129
Santa Cruz de Tenerife,Thursday,6,14624
"Balears, Illes",Friday,6,33456
"Palmas, Las",Friday,6,16446
Santa Cruz de Tenerife,Friday,6,16254
"Balears, Illes",Saturday,7,28953
"Palmas, Las",Saturday,7,15152
Santa Cruz de Tenerife,Saturday,7,14446
"Balears, Illes",Sunday,7,28098
"Palmas, Las",Sunday,7,17368
Santa Cruz de Tenerife,Sunday,7,14820
"Balears, Illes",Monday,7,30304
"Palmas, Las",Monday,7,18252
Santa Cruz de Tenerife,Monday,7,15239
"Balears, Illes",Tuesday,7,27423
"Palmas, Las",Tuesday,7,15500
Santa Cruz de Tenerife,Tuesday,7,14006
"Balears, Illes",Wednesday,7,26518
"Palmas, Las",Wednesday,7,15926
Santa Cruz de Tenerife,Wednesday,7,13775
"Balears, Illes",Thursday,7,31217
"Palmas, Las",Thursday,7,17472
Santa Cruz de Tenerife,Thursday,7,14048
"Balears, Illes",Friday,7,36183
"Palmas, Las",Friday,7,20386
Santa Cruz de Tenerife,Friday,7,16043
"Balears, Illes",Saturday,7,31670
"Palmas, Las",Saturday,7,17172
Santa Cruz de Tenerife,Saturday,7,14715
"Balears, Illes",Sunday,7,30186
"Palmas, Las",Sunday,7,17771
Santa Cruz de Tenerife,Sunday,7,19263
"Balears, Illes",Monday,7,31197
"Palmas, Las",Monday,7,18904
Santa Cruz de Tenerife,Monday,7,16118
"Balears, Illes",Tuesday,7,29480
"Palmas, Las",Tuesday,7,15524
Santa Cruz de Tenerife,Tuesday,7,14601
"Balears, Illes",Wednesday,7,27407
"Palmas, Las",Wednesday,7,16597
Santa Cruz de Tenerife,Wednesday,7,14302
"Balears, Illes",Thursday,7,30296
"Palmas, Las",Thursday,7,16534
Santa Cruz de Tenerife,Thursday,7,15376
"Balears, Illes",Friday,7,36382
"Palmas, Las",Friday,7,18121
Santa Cruz de Tenerife,Friday,7,16239
"Balears, Illes",Saturday,7,30227
"Palmas, Las",Saturday,7,16319
Santa Cruz de Tenerife,Saturday,7,14000
"Balears, Illes",Sunday,7,29808
"Palmas, Las",Sunday,7,17319
Santa Cruz de Tenerife,Sunday,7,15173
"Balears, Illes",Monday,7,31248
"Palmas, Las",Monday,7,18083
Santa Cruz de Tenerife,Monday,7,14808
"Balears, Illes",Tuesday,7,30745
"Palmas, Las",Tuesday,7,15070
Santa Cruz de Tenerife,Tuesday,7,13470
"Balears, Illes",Wednesday,7,29037
"Palmas, Las",Wednesday,7,15529
Santa Cruz de Tenerife,Wednesday,7,13934
"Balears, Illes",Thursday,7,31038
"Palmas, Las",Thursday,7,17459
Santa Cruz de Tenerife,Thursday,7,14723
"Balears, Illes",Friday,7,35389
"Palmas, Las",Friday,7,17663
Santa Cruz de Tenerife,Friday,7,15769
"Balears, Illes",Saturday,7,29503
"Palmas, Las",Saturday,7,15265
Santa Cruz de Tenerife,Saturday,7,13537
"Balears, Illes",Sunday,7,31576
"Palmas, Las",Sunday,7,17466
Santa Cruz de Tenerife,Sunday,7,14085
"Balears, Illes",Monday,7,36195
"Palmas, Las",Monday,7,18734
Santa Cruz de Tenerife,Monday,7,14966
"Balears, Illes",Tuesday,7,29741
"Palmas, Las",Tuesday,7,15621
Santa Cruz de Tenerife,Tuesday,7,13691
"Balears, Illes",Wednesday,7,28079
"Palmas, Las",Wednesday,7,16370
Santa Cruz de Tenerife,Wednesday,7,14504
"Balears, Illes",Thursday,7,32442
"Palmas, Las",Thursday,7,17526
Santa Cruz de Tenerife,Thursday,7,14472
"Balears, Illes",Friday,7,36740
"Palmas, Las",Friday,7,18172
Santa Cruz de Tenerife,Friday,7,16446
"Balears, Illes",Saturday,7,35232
"Palmas, Las",Saturday,7,16660
Santa Cruz de Tenerife,Saturday,7,14260
"Balears, Illes",Sunday,7,32593
"Palmas, Las",Sunday,7,17571
Santa Cruz de Tenerife,Sunday,7,15648
"Balears, Illes",Monday,7,32964
"Palmas, Las",Monday,7,18574
Santa Cruz de Tenerife,Monday,7,15434
"Balears, Illes",Tuesday,8,31457
"Palmas, Las",Tuesday,8,15792
Santa Cruz de Tenerife,Tuesday,8,13747
"Balears, Illes",Wednesday,8,30201
"Palmas, Las",Wednesday,8,16332
Santa Cruz de Tenerife,Wednesday,8,13747
"Balears, Illes",Thursday,8,32743
"Palmas, Las",Thursday,8,17027
Santa Cruz de Tenerife,Thursday,8,14122
"Balears, Illes",Friday,8,35800
"Palmas, Las",Friday,8,16450
Santa Cruz de Tenerife,Friday,8,14829
"Balears, Illes",Saturday,8,33328
"Palmas, Las",Saturday,8,15146
Santa Cruz de Tenerife,Saturday,8,12777
"Balears, Illes",Sunday,8,32132
"Palmas, Las",Sunday,8,16627
Santa Cruz de Tenerife,Sunday,8,14754
"Balears, Illes",Monday,8,34502
"Palmas, Las",Monday,8,18717
Santa Cruz de Tenerife,Monday,8,15184
"Balears, Illes",Tuesday,8,29920
"Palmas, Las",Tuesday,8,15113
Santa Cruz de Tenerife,Tuesday,8,13457
"Balears, Illes",Wednesday,8,29159
"Palmas, Las",Wednesday,8,16409
Santa Cruz de Tenerife,Wednesday,8,14089
"Balears, Illes",Thursday,8,31641
"Palmas, Las",Thursday,8,16682
Santa Cruz de Tenerife,Thursday,8,13916
"Balears, Illes",Friday,8,35194
"Palmas, Las",Friday,8,19748
Santa Cruz de Tenerife,Friday,8,16868
"Balears, Illes",Saturday,8,33257
"Palmas, Las",Saturday,8,19334
Santa Cruz de Tenerife,Saturday,8,14118
"Balears, Illes",Sunday,8,32735
"Palmas, Las",Sunday,8,17759
Santa Cruz de Tenerife,Sunday,8,15246
"Balears, Illes",Monday,8,33845
"Palmas, Las",Monday,8,18269
Santa Cruz de Tenerife,Monday,8,14794
"Balears, Illes",Tuesday,8,31334
"Palmas, Las",Tuesday,8,15202
Santa Cruz de Tenerife,Tuesday,8,14011
"Balears, Illes",Wednesday,8,29834
"Palmas, Las",Wednesday,8,17849
Santa Cruz de Tenerife,Wednesday,8,14524
"Balears, Illes",Thursday,8,32133
"Palmas, Las",Thursday,8,17487
Santa Cruz de Tenerife,Thursday,8,14042
"Balears, Illes",Friday,8,32991
"Palmas, Las",Friday,8,18228
Santa Cruz de Tenerife,Friday,8,15369
"Balears, Illes",Saturday,8,30928
"Palmas, Las",Saturday,8,18522
Santa Cruz de Tenerife,Saturday,8,15348
"Balears, Illes",Sunday,8,31496
"Palmas, Las",Sunday,8,17759
Santa Cruz de Tenerife,Sunday,8,16305
"Balears, Illes",Monday,8,31913
"Palmas, Las",Monday,8,18219
Santa Cruz de Tenerife,Monday,8,15465
"Balears, Illes",Tuesday,8,28618
"Palmas, Las",Tuesday,8,15806
Santa Cruz de Tenerife,Tuesday,8,13920
"Balears, Illes",Wednesday,8,27911
"Palmas, Las",Wednesday,8,16247
Santa Cruz de Tenerife,Wednesday,8,13677
"Balears, Illes",Thursday,8,29267
"Palmas, Las",Thursday,8,16236
Santa Cruz de Tenerife,Thursday,8,13607
"Balears, Illes",Friday,8,30878
"Palmas, Las",Friday,8,16720
Santa Cruz de Tenerife,Friday,8,14375
"Balears, Illes",Saturday,8,26650
"Palmas, Las",Saturday,8,15535
Santa Cruz de Tenerife,Saturday,8,13379
"Balears, Illes",Sunday,8,29721
"Palmas, Las",Sunday,8,15672
Santa Cruz de Tenerife,Sunday,8,14606
"Balears, Illes",Monday,8,32506
"Palmas, Las",Monday,8,17504
Santa Cruz de Tenerife,Monday,8,14890
"Balears, Illes",Tuesday,8,26608
"Palmas, Las",Tuesday,8,14148
Santa Cruz de Tenerife,Tuesday,8,13158
"Balears, Illes",Wednesday,8,26947
"Palmas, Las",Wednesday,8,15350
Santa Cruz de Tenerife,Wednesday,8,13606
"Balears, Illes",Thursday,8,29354
"Palmas, Las",Thursday,8,16221
Santa Cruz de Tenerife,Thursday,8,14155
"Balears, Illes",Friday,9,30639
"Palmas, Las",Friday,9,16882
Santa Cruz de Tenerife,Friday,9,14884
"Balears, Illes",Saturday,9,23509
"Palmas, Las",Saturday,9,15638
Santa Cruz de Tenerife,Saturday,9,12908
"Balears, Illes",Sunday,9,26510
"Palmas, Las",Sunday,9,16946
Santa Cruz de Tenerife,Sunday,9,14632
"Balears, Illes",Monday,9,29920
"Palmas, Las",Monday,9,17636
Santa Cruz de Tenerife,Monday,9,14246
"Balears, Illes",Tuesday,9,24493
"Palmas, Las",Tuesday,9,15528
Santa Cruz de Tenerife,Tuesday,9,13374
"Balears, Illes",Wednesday,9,24772
"Palmas, Las",Wednesday,9,15374
Santa Cruz de Tenerife,Wednesday,9,13447
"Balears, Illes",Thursday,9,28996
"Palmas, Las",Thursday,9,15488
Santa Cruz de Tenerife,Thursday,9,15302
"Balears, Illes",Friday,9,32360
"Palmas, Las",Friday,9,15814
Santa Cruz de Tenerife,Friday,9,15608
"Balears, Illes",Saturday,9,27423
"Palmas, Las",Saturday,9,15736
Santa Cruz de Tenerife,Saturday,9,12938
"Balears, Illes",Sunday,9,27766
"Palmas, Las",Sunday,9,19484
Santa Cruz de Tenerife,Sunday,9,14599
"Balears, Illes",Monday,9,26685
"Palmas, Las",Monday,9,17543
Santa Cruz de Tenerife,Monday,9,14215
"Balears, Illes",Tuesday,9,22170
"Palmas, Las",Tuesday,9,14487
Santa Cruz de Tenerife,Tuesday,9,13556
"Balears, Illes",Wednesday,9,21447
"Palmas, Las",Wednesday,9,15266
Santa Cruz de Tenerife,Wednesday,9,12766
"Balears, Illes",Thursday,9,24190
"Palmas, Las",Thursday,9,18117
Santa Cruz de Tenerife,Thursday,9,16476
"Balears, Illes",Friday,9,26798
"Palmas, Las",Friday,9,16684
Santa Cruz de Tenerife,Friday,9,15842
"Balears, Illes",Saturday,9,23442
"Palmas, Las",Saturday,9,14524
Santa Cruz de Tenerife,Saturday,9,12648
"Balears, Illes",Sunday,9,26587
"Palmas, Las",Sunday,9,16827
Santa Cruz de Tenerife,Sunday,9,14848
"Balears, Illes",Monday,9,27762
"Palmas, Las",Monday,9,17031
Santa Cruz de Tenerife,Monday,9,14764
"Balears, Illes",Tuesday,9,23134
"Palmas, Las",Tuesday,9,14137
Santa Cruz de Tenerife,Tuesday,9,12614
"Balears, Illes",Wednesday,9,23639
"Palmas, Las",Wednesday,9,15612
Santa Cruz de Tenerife,Wednesday,9,13438
"Balears, Illes",Thursday,9,26585
"Palmas, Las",Thursday,9,16489
Santa Cruz de Tenerife,Thursday,9,13455
"Balears, Illes",Friday,9,29194
"Palmas, Las",Friday,9,16544
Santa Cruz de Tenerife,Friday,9,15095
"Balears, Illes",Saturday,9,23608
"Palmas, Las",Saturday,9,14887
Santa Cruz de Tenerife,Saturday,9,12320
"Balears, Illes",Sunday,9,24441
"Palmas, Las",Sunday,9,17017
Santa Cruz de Tenerife,Sunday,9,15949
"Balears, Illes",Monday,9,23758
"Palmas, Las",Monday,9,15858
Santa Cruz de Tenerife,Monday,9,13884
"Balears, Illes",Tuesday,9,22561
"Palmas, Las",Tuesday,9,14387
Santa Cruz de Tenerife,Tuesday,9,12129
"Balears, Illes",Wednesday,9,19452
"Palmas, Las",Wednesday,9,15012
Santa Cruz de Tenerife,Wednesday,9,12714
"Balears, Illes",Thursday,9,24231
"Palmas, Las",Thursday,9,16663
Santa Cruz de Tenerife,Thursday,9,14198
"Balears, Illes",Friday,9,28674
"Palmas, Las",Friday,9,17453
Santa Cruz de Tenerife,Friday,9,15342
"Balears, Illes",Saturday,9,22141
"Palmas, Las",Saturday,9,15741
Santa Cruz de Tenerife,Saturday,9,13886
"Balears, Illes",Sunday,10,23643
"Palmas, Las",Sunday,10,17961
Santa Cruz de Tenerife,Sunday,10,14536
"Balears, Illes",Monday,10,25542
"Palmas, Las",Monday,10,16172
Santa Cruz de Tenerife,Monday,10,14804
"Balears, Illes",Tuesday,10,21308
"Palmas, Las",Tuesday,10,14724
Santa Cruz de Tenerife,Tuesday,10,13541
"Balears, Illes",Wednesday,10,21513
"Palmas, Las",Wednesday,10,16562
Santa Cruz de Tenerife,Wednesday,10,13854
"Balears, Illes",Thursday,10,23484
"Palmas, Las",Thursday,10,16694
Santa Cruz de Tenerife,Thursday,10,14927
"Balears, Illes",Friday,10,28835
"Palmas, Las",Friday,10,17816
Santa Cruz de Tenerife,Friday,10,16082
"Balears, Illes",Saturday,10,21743
"Palmas, Las",Saturday,10,16265
Santa Cruz de Tenerife,Saturday,10,13812
"Balears, Illes",Sunday,10,23979
"Palmas, Las",Sunday,10,17231
Santa Cruz de Tenerife,Sunday,10,15144
"Balears, Illes",Monday,10,23117
"Palmas, Las",Monday,10,16210
Santa Cruz de Tenerife,Monday,10,13790
"Balears, Illes",Tuesday,10,20359
"Palmas, Las",Tuesday,10,16000
Santa Cruz de Tenerife,Tuesday,10,14921
"Balears, Illes",Wednesday,10,24696
"Palmas, Las",Wednesday,10,18562
Santa Cruz de Tenerife,Wednesday,10,16085
"Balears, Illes",Thursday,10,26887
"Palmas, Las",Thursday,10,16544
Santa Cruz de Tenerife,Thursday,10,14409
"Balears, Illes",Friday,10,23132
"Palmas, Las",Friday,10,15731
Santa Cruz de Tenerife,Friday,10,15196
"Balears, Illes",Saturday,10,18856
"Palmas, Las",Saturday,10,17538
Santa Cruz de Tenerife,Saturday,10,15242
"Balears, Illes",Sunday,10,24453
"Palmas, Las",Sunday,10,22054
Santa Cruz de Tenerife,Sunday,10,17733
"Balears, Illes",Monday,10,23329
"Palmas, Las",Monday,10,19208
Santa Cruz de Tenerife,Monday,10,16172
"Balears, Illes",Tuesday,10,18373
"Palmas, Las",Tuesday,10,14982
Santa Cruz de Tenerife,Tuesday,10,13620
"Balears, Illes",Wednesday,10,17072
"Palmas, Las",Wednesday,10,16149
Santa Cruz de Tenerife,Wednesday,10,13291
"Balears, Illes",Thursday,10,20039
"Palmas, Las",Thursday,10,16338
Santa Cruz de Tenerife,Thursday,10,14478
"Balears, Illes",Friday,10,23614
"Palmas, Las",Friday,10,18504
Santa Cruz de Tenerife,Friday,10,14706
"Balears, Illes",Saturday,10,18742
"Palmas, Las",Saturday,10,15528
Santa Cruz de Tenerife,Saturday,10,14469
"Balears, Illes",Sunday,10,21074
"Palmas, Las",Sunday,10,17203
Santa Cruz de Tenerife,Sunday,10,16198
"Balears, Illes",Monday,10,22585
"Palmas, Las",Monday,10,17789
Santa Cruz de Tenerife,Monday,10,15876
"Balears, Illes",Tuesday,10,19564
"Palmas, Las",Tuesday,10,16020
Santa Cruz de Tenerife,Tuesday,10,14967
"Balears, Illes",Wednesday,10,16663
"Palmas, Las",Wednesday,10,15102
Santa Cruz de Tenerife,Wednesday,10,13732
"Balears, Illes",Thursday,10,19702
"Palmas, Las",Thursday,10,18728
Santa Cruz de Tenerife,Thursday,10,14472
"Balears, Illes",Friday,10,23037
"Palmas, Las",Friday,10,18489
Santa Cruz de Tenerife,Friday,10,14504
"Balears, Illes",Saturday,10,18308
"Palmas, Las",Saturday,10,15863
Santa Cruz de Tenerife,Saturday,10,12395
"Balears, Illes",Sunday,10,19330
"Palmas, Las",Sunday,10,17697
Santa Cruz de Tenerife,Sunday,10,15262
"Balears, Illes",Monday,10,18969
"Palmas, Las",Monday,10,15984
Santa Cruz de Tenerife,Monday,10,16450
"Balears, Illes",Tuesday,10,16476
"Palmas, Las",Tuesday,10,14327
Santa Cruz de Tenerife,Tuesday,10,12721
"Balears, Illes",Wednesday,11,15204
"Palmas, Las",Wednesday,11,13090
Santa Cruz de Tenerife,Wednesday,11,11468
"Balears, Illes",Thursday,11,15482
"Palmas, Las",Thursday,11,15341
Santa Cruz de Tenerife,Thursday,11,13711
"Balears, Illes",Friday,11,20034
"Palmas, Las",Friday,11,19045
Santa Cruz de Tenerife,Friday,11,15016
"Balears, Illes",Saturday,11,13238
"Palmas, Las",Saturday,11,17336
Santa Cruz de Tenerife,Saturday,11,14141
"Balears, Illes",Sunday,11,17258
"Palmas, Las",Sunday,11,18328
Santa Cruz de Tenerife,Sunday,11,15167
"Balears, Illes",Monday,11,20450
"Palmas, Las",Monday,11,16435
Santa Cruz de Tenerife,Monday,11,15152
"Balears, Illes",Tuesday,11,14922
"Palmas, Las",Tuesday,11,13929
Santa Cruz de Tenerife,Tuesday,11,12739
"Balears, Illes",Wednesday,11,14862
"Palmas, Las",Wednesday,11,15517
Santa Cruz de Tenerife,Wednesday,11,17570
"Balears, Illes",Thursday,11,15671
"Palmas, Las",Thursday,11,15834
Santa Cruz de Tenerife,Thursday,11,17942
"Balears, Illes",Friday,11,18650
"Palmas, Las",Friday,11,17636
Santa Cruz de Tenerife,Friday,11,22527
"Balears, Illes",Saturday,11,15250
"Palmas, Las",Saturday,11,15337
Santa Cruz de Tenerife,Saturday,11,19259
"Balears, Illes",Sunday,11,17533
"Palmas, Las",Sunday,11,19858
Santa Cruz de Tenerife,Sunday,11,19540
"Balears, Illes",Monday,11,18515
"Palmas, Las",Monday,11,16204
Santa Cruz de Tenerife,Monday,11,19847
"Balears, Illes",Tuesday,11,15791
"Palmas, Las",Tuesday,11,17714
Santa Cruz de Tenerife,Tuesday,11,18450
"Balears, Illes",Wednesday,11,14910
"Palmas, Las",Wednesday,11,19173
Santa Cruz de Tenerife,Wednesday,11,20639
"Balears, Illes",Thursday,11,14493
"Palmas, Las",Thursday,11,20266
Santa Cruz de Tenerife,Thursday,11,21190
"Balears, Illes",Friday,11,18825
"Palmas, Las",Friday,11,24088
Santa Cruz de Tenerife,Friday,11,24758
"Balears, Illes",Saturday,11,17158
"Palmas, Las",Saturday,11,21618
Santa Cruz de Tenerife,Saturday,11,20014
"Balears, Illes",Sunday,11,18083
"Palmas, Las",Sunday,11,23196
Santa Cruz de Tenerife,Sunday,11,21805
"Balears, Illes",Monday,11,19874
"Palmas, Las",Monday,11,20328
Santa Cruz de Tenerife,Monday,11,22348
"Balears, Illes",Tuesday,11,15158
"Palmas, Las",Tuesday,11,18797
Santa Cruz de Tenerife,Tuesday,11,18871
"Balears, Illes",Wednesday,11,14425
"Palmas, Las",Wednesday,11,18986
Santa Cruz de Tenerife,Wednesday,11,20337
"Balears, Illes",Thursday,11,14325
"Palmas, Las",Thursday,11,18676
Santa Cruz de Tenerife,Thursday,11,20865
"Balears, Illes",Friday,11,17138
"Palmas, Las",Friday,11,20941
Santa Cruz de Tenerife,Friday,11,23057
"Balears, Illes",Saturday,11,14286
"Palmas, Las",Saturday,11,19764
Santa Cruz de Tenerife,Saturday,11,17814
"Balears, Illes",Sunday,11,16677
"Palmas, Las",Sunday,11,20339
Santa Cruz de Tenerife,Sunday,11,20586
"Balears, Illes",Monday,11,18289
"Palmas, Las",Monday,11,19962
Santa Cruz de Tenerife,Monday,11,20503
"Balears, Illes",Tuesday,11,15210
"Palmas, Las",Tuesday,11,17730
Santa Cruz de Tenerife,Tuesday,11,18196
"Balears, Illes",Wednesday,11,14339
"Palmas, Las",Wednesday,11,17260
Santa Cruz de Tenerife,Wednesday,11,19343
"Balears, Illes",Thursday,11,15329
"Palmas, Las",Thursday,11,21558
Santa Cruz de Tenerife,Thursday,11,21141
"Balears, Illes",Friday,12,16271
"Palmas, Las",Friday,12,22932
Santa Cruz de Tenerife,Friday,12,24433
"Balears, Illes",Saturday,12,14082
"Palmas, Las",Saturday,12,21796
Santa Cruz de Tenerife,Saturday,12,20749
"Balears, Illes",Sunday,12,14955
"Palmas, Las",Sunday,12,20380
Santa Cruz de Tenerife,Sunday,12,19067
"Balears, Illes",Monday,12,17222
"Palmas, Las",Monday,12,18717
Santa Cruz de Tenerife,Monday,12,20758
"Balears, Illes",Tuesday,12,16325
"Palmas, Las",Tuesday,12,21118
Santa Cruz de Tenerife,Tuesday,12,20917
"Balears, Illes",Wednesday,12,14854
"Palmas, Las",Wednesday,12,19608
Santa Cruz de Tenerife,Wednesday,12,20807
"Balears, Illes",Thursday,12,14778
"Palmas, Las",Thursday,12,19807
Santa Cruz de Tenerife,Thursday,12,19858
"Balears, Illes",Friday,12,14497
"Palmas, Las",Friday,12,17218
Santa Cruz de Tenerife,Friday,12,19482
"Balears, Illes",Saturday,12,17252
"Palmas, Las",Saturday,12,22663
Santa Cruz de Tenerife,Saturday,12,20812
"Balears, Illes",Sunday,12,20232
"Palmas, Las",Sunday,12,24535
Santa Cruz de Tenerife,Sunday,12,24622
"Balears, Illes",Monday,12,19324
"Palmas, Las",Monday,12,21831
Santa Cruz de Tenerife,Monday,12,24758
"Balears, Illes",Tuesday,12,14242
"Palmas, Las",Tuesday,12,20131
Santa Cruz de Tenerife,Tuesday,12,18744
"Balears, Illes",Wednesday,12,12841
"Palmas, Las",Wednesday,12,19300
Santa Cruz de Tenerife,Wednesday,12,19841
"Balears, Illes",Thursday,12,13654
"Palmas, Las",Thursday,12,21679
Santa Cruz de Tenerife,Thursday,12,19883
"Balears, Illes",Friday,12,15688
"Palmas, Las",Friday,12,21773
Santa Cruz de Tenerife,Friday,12,21256
"Balears, Illes",Saturday,12,13650
"Palmas, Las",Saturday,12,20924
Santa Cruz de Tenerife,Saturday,12,20926
"Balears, Illes",Sunday,12,14857
"Palmas, Las",Sunday,12,20865
Santa Cruz de Tenerife,Sunday,12,21640
"Balears, Illes",Monday,12,16540
"Palmas, Las",Monday,12,19138
Santa Cruz de Tenerife,Monday,12,22254
"Balears, Illes",Tuesday,12,14035
"Palmas, Las",Tuesday,12,19548
Santa Cruz de Tenerife,Tuesday,12,19185
"Balears, Illes",Wednesday,12,14256
"Palmas, Las",Wednesday,12,19428
Santa Cruz de Tenerife,Wednesday,12,18304
"Balears, Illes",Thursday,12,16084
"Palmas, Las",Thursday,12,21666
Santa Cruz de Tenerife,Thursday,12,20006
"Balears, Illes",Friday,12,20260
"Palmas, Las",Friday,12,21997
Santa Cruz de Tenerife,Friday,12,20878
"Balears, Illes",Saturday,12,17482
"Palmas, Las",Saturday,12,23723
Santa Cruz de Tenerife,Saturday,12,20018
"Balears, Illes",Sunday,12,10688
"Palmas, Las",Sunday,12,16026
Santa Cruz de Tenerife,Sunday,12,15568
"Balears, Illes",Monday,12,8879
"Palmas, Las",Monday,12,10323
Santa Cruz de Tenerife,Monday,12,9727
"Balears, Illes",Tuesday,12,15461
"Palmas, Las",Tuesday,12,19262
Santa Cruz de Tenerife,Tuesday,12,17822
"Balears, Illes",Wednesday,12,16476
"Palmas, Las",Wednesday,12,20911
Santa Cruz de Tenerife,Wednesday,12,20592
"Balears, Illes",Thursday,12,17743
"Palmas, Las",Thursday,12,23392
Santa Cruz de Tenerife,Thursday,12,20958
"Balears, Illes",Friday,12,18758
"Palmas, Las",Friday,12,23545
Santa Cruz de Tenerife,Friday,12,23879
"Balears, Illes",Saturday,12,18621
"Palmas, Las",Saturday,12,23424
Santa Cruz de Tenerife,Saturday,12,21381
"Balears, Illes",Sunday,12,12508
"Palmas, Las",Sunday,12,18003
Santa Cruz de Tenerife,Sunday,12,17703
"Balears, Illes",Monday,1,15786
"Palmas, Las",Monday,1,17942
Santa Cruz de Tenerife,Monday,1,17906
"Balears, Illes",Tuesday,1,17868
"Palmas, Las",Tuesday,1,21443
Santa Cruz de Tenerife,Tuesday,1,21475
"Balears, Illes",Wednesday,1,16777
"Palmas, Las",Wednesday,1,20447
Santa Cruz de Tenerife,Wednesday,1,20122
"Balears, Illes",Thursday,1,17964
"Palmas, Las",Thursday,1,22058
Santa Cruz de Tenerife,Thursday,1,20336
"Balears, Illes",Friday,1,16725
"Palmas, Las",Friday,1,16533
Santa Cruz de Tenerife,Friday,1,20383
"Balears, Illes",Saturday,1,13991
"Palmas, Las",Saturday,1,17488
Santa Cruz de Tenerife,Saturday,1,17625
"Balears, Illes",Sunday,1,17723
"Palmas, Las",Sunday,1,19764
Santa Cruz de Tenerife,Sunday,1,21544
"Balears, Illes",Monday,1,17129
"Palmas, Las",Monday,1,20007
Santa Cruz de Tenerife,Monday,1,19963
"Balears, Illes",Tuesday,1,14712
"Palmas, Las",Tuesday,1,18382
Santa Cruz de Tenerife,Tuesday,1,17754
"Balears, Illes",Wednesday,1,12304
"Palmas, Las",Wednesday,1,17449
Santa Cruz de Tenerife,Wednesday,1,18971
"Balears, Illes",Thursday,1,13320
"Palmas, Las",Thursday,1,20989
Santa Cruz de Tenerife,Thursday,1,20035
"Balears, Illes",Friday,1,15106
"Palmas, Las",Friday,1,23389
Santa Cruz de Tenerife,Friday,1,23588
"Balears, Illes",Saturday,1,12344
"Palmas, Las",Saturday,1,19865
Santa Cruz de Tenerife,Saturday,1,20066
"Balears, Illes",Sunday,1,14644
"Palmas, Las",Sunday,1,19066
Santa Cruz de Tenerife,Sunday,1,20145
"Balears, Illes",Monday,1,15326
"Palmas, Las",Monday,1,19474
Santa Cruz de Tenerife,Monday,1,21677
"Balears, Illes",Tuesday,1,12059
"Palmas, Las",Tuesday,1,17990
Santa Cruz de Tenerife,Tuesday,1,19465
"Balears, Illes",Wednesday,1,12532
"Palmas, Las",Wednesday,1,17509
Santa Cruz de Tenerife,Wednesday,1,19351
"Balears, Illes",Thursday,1,14355
"Palmas, Las",Thursday,1,19801
Santa Cruz de Tenerife,Thursday,1,20567
"Balears, Illes",Friday,1,16442
"Palmas, Las",Friday,1,21670
Santa Cruz de Tenerife,Friday,1,21704
"Balears, Illes",Saturday,1,13070
"Palmas, Las",Saturday,1,19160
Santa Cruz de Tenerife,Saturday,1,18201
"Balears, Illes",Sunday,1,15097
"Palmas, Las",Sunday,1,19779
Santa Cruz de Tenerife,Sunday,1,21223
"Balears, Illes",Monday,1,16312
"Palmas, Las",Monday,1,18828
Santa Cruz de Tenerife,Monday,1,19801
"Balears, Illes",Tuesday,1,13176
"Palmas, Las",Tuesday,1,17522
Santa Cruz de Tenerife,Tuesday,1,19457
"Balears, Illes",Wednesday,1,12821
"Palmas, Las",Wednesday,1,17749
Santa Cruz de Tenerife,Wednesday,1,18596
"Balears, Illes",Thursday,1,14436
"Palmas, Las",Thursday,1,21529
Santa Cruz de Tenerife,Thursday,1,19902
"Balears, Illes",Friday,1,16923
"Palmas, Las",Friday,1,23823
Santa Cruz de Tenerife,Friday,1,23314
"Balears, Illes",Saturday,1,13827
"Palmas, Las",Saturday,1,20868
Santa Cruz de Tenerife,Saturday,1,19109
"Balears, Illes",Sunday,1,16622
"Palmas, Las",Sunday,1,21145
Santa Cruz de Tenerife,Sunday,1,20478
"Balears, Illes",Monday,1,15506
"Palmas, Las",Monday,1,19130
Santa Cruz de Tenerife,Monday,1,19987
"Balears, Illes",Tuesday,1,14036
"Palmas, Las",Tuesday,1,19528
Santa Cruz de Tenerife,Tuesday,1,19327
"Balears, Illes",Wednesday,1,13616
"Palmas, Las",Wednesday,1,18700
Santa Cruz de Tenerife,Wednesday,1,18886
"Balears, Illes",Thursday,2,14559
"Palmas, Las",Thursday,2,22875
Santa Cruz de Tenerife,Thursday,2,19771
"Balears, Illes",Friday,2,16984
"Palmas, Las",Friday,2,21137
Santa Cruz de Tenerife,Friday,2,20756
"Balears, Illes",Saturday,2,13252
"Palmas, Las",Saturday,2,20235
Santa Cruz de Tenerife,Saturday,2,18914
"Balears, Illes",Sunday,2,17287
"Palmas, Las",Sunday,2,20462
Santa Cruz de Tenerife,Sunday,2,22568
"Balears, Illes",Monday,2,16779
"Palmas, Las",Monday,2,19548
Santa Cruz de Tenerife,Monday,2,21129
"Balears, Illes",Tuesday,2,14582
"Palmas, Las",Tuesday,2,18898
Santa Cruz de Tenerife,Tuesday,2,19545
"Balears, Illes",Wednesday,2,14342
"Palmas, Las",Wednesday,2,18376
Santa Cruz de Tenerife,Wednesday,2,20256
"Balears, Illes",Thursday,2,14735
"Palmas, Las",Thursday,2,23050
Santa Cruz de Tenerife,Thursday,2,22920
"Balears, Illes",Friday,2,17995
"Palmas, Las",Friday,2,22566
Santa Cruz de Tenerife,Friday,2,25473
"Balears, Illes",Saturday,2,11203
"Palmas, Las",Saturday,2,16353
Santa Cruz de Tenerife,Saturday,2,17639
"Balears, Illes",Monday,2,11622
"Palmas, Las",Monday,2,14348
Santa Cruz de Tenerife,Monday,2,16808
"Balears, Illes",Tuesday,2,15302
"Palmas, Las",Tuesday,2,24703
Santa Cruz de Tenerife,Tuesday,2,18601
"Balears, Illes",Wednesday,2,14702
"Palmas, Las",Wednesday,2,22059
Santa Cruz de Tenerife,Wednesday,2,21782
"Balears, Illes",Thursday,2,17304
"Palmas, Las",Thursday,2,22070
Santa Cruz de Tenerife,Thursday,2,20319
"Balears, Illes",Friday,2,17737
"Palmas, Las",Friday,2,20047
Santa Cruz de Tenerife,Friday,2,22939
"Balears, Illes",Saturday,2,15341
"Palmas, Las",Saturday,2,20316
Santa Cruz de Tenerife,Saturday,2,19905
"Balears, Illes",Sunday,2,18523
"Palmas, Las",Sunday,2,22920
Santa Cruz de Tenerife,Sunday,2,18924
"Balears, Illes",Monday,2,19314
"Palmas, Las",Monday,2,21549
Santa Cruz de Tenerife,Monday,2,21046
"Balears, Illes",Tuesday,2,16343
"Palmas, Las",Tuesday,2,19164
Santa Cruz de Tenerife,Tuesday,2,19020
"Balears, Illes",Wednesday,2,14726
"Palmas, Las",Wednesday,2,19281
Santa Cruz de Tenerife,Wednesday,2,18613
"Balears, Illes",Thursday,2,16838
"Palmas, Las",Thursday,2,21950
Santa Cruz de Tenerife,Thursday,2,20889
"Balears, Illes",Friday,2,18924
"Palmas, Las",Friday,2,22984
Santa Cruz de Tenerife,Friday,2,21042
"Balears, Illes",Saturday,2,15801
"Palmas, Las",Saturday,2,19261
Santa Cruz de Tenerife,Saturday,2,18128
"Balears, Illes",Sunday,2,17187
"Palmas, Las",Sunday,2,20091
Santa Cruz de Tenerife,Sunday,2,19806
"Balears, Illes",Monday,2,18750
"Palmas, Las",Monday,2,20180
Santa Cruz de Tenerife,Monday,2,20194
"Balears, Illes",Tuesday,2,15068
"Palmas, Las",Tuesday,2,17911
Santa Cruz de Tenerife,Tuesday,2,18260
"Balears, Illes",Wednesday,2,15119
"Palmas, Las",Wednesday,2,20600
Santa Cruz de Tenerife,Wednesday,2,19071
"Balears, Illes",Thursday,2,16933
"Palmas, Las",Thursday,2,24108
Santa Cruz de Tenerife,Thursday,2,19939
"Balears, Illes",Friday,3,18428
"Palmas, Las",Friday,3,23173
Santa Cruz de Tenerife,Friday,3,21979
"Balears, Illes",Saturday,3,19699
"Palmas, Las",Saturday,3,22876
Santa Cruz de Tenerife,Saturday,3,18804
"Balears, Illes",Sunday,3,22409
"Palmas, Las",Sunday,3,22622
Santa Cruz de Tenerife,Sunday,3,19962
"Balears, Illes",Monday,3,23182
"Palmas, Las",Monday,3,22381
Santa Cruz de Tenerife,Monday,3,21068
"Balears, Illes",Tuesday,3,19797
"Palmas, Las",Tuesday,3,20505
Santa Cruz de Tenerife,Tuesday,3,18122
"Balears, Illes",Wednesday,3,16508
"Palmas, Las",Wednesday,3,21234
Santa Cruz de Tenerife,Wednesday,3,18758
"Balears, Illes",Thursday,3,13023
"Palmas, Las",Thursday,3,18801
Santa Cruz de Tenerife,Thursday,3,14069
"Balears, Illes",Friday,3,16191
"Palmas, Las",Friday,3,21795
Santa Cruz de Tenerife,Friday,3,20109
"Balears, Illes",Saturday,3,16322
"Palmas, Las",Saturday,3,22695
Santa Cruz de Tenerife,Saturday,3,18785
"Balears, Illes",Sunday,3,19417
"Palmas, Las",Sunday,3,23482
Santa Cruz de Tenerife,Sunday,3,20441
"Balears, Illes",Monday,3,19440
"Palmas, Las",Monday,3,23176
Santa Cruz de Tenerife,Monday,3,21653
"Balears, Illes",Tuesday,3,15754
"Palmas, Las",Tuesday,3,20103
Santa Cruz de Tenerife,Tuesday,3,18369
"Balears, Illes",Wednesday,3,14793
"Palmas, Las",Wednesday,3,20325
Santa Cruz de Tenerife,Wednesday,3,17704
"Balears, Illes",Thursday,3,17620
"Palmas, Las",Thursday,3,24785
Santa Cruz de Tenerife,Thursday,3,20316
"Balears, Illes",Friday,3,19623
"Palmas, Las",Friday,3,24614
Santa Cruz de Tenerife,Friday,3,22965
"Balears, Illes",Saturday,3,19466
"Palmas, Las",Saturday,3,24995
Santa Cruz de Tenerife,Saturday,3,19632
"Balears, Illes",Sunday,3,19083
"Palmas, Las",Sunday,3,24158
Santa Cruz de Tenerife,Sunday,3,22625
"Balears, Illes",Monday,3,20069
"Palmas, Las",Monday,3,23222
Santa Cruz de Tenerife,Monday,3,22766
"Balears, Illes",Tuesday,3,16973
"Palmas, Las",Tuesday,3,21500
Santa Cruz de Tenerife,Tuesday,3,20254
"Balears, Illes",Wednesday,3,18375
"Palmas, Las",Wednesday,3,23119
Santa Cruz de Tenerife,Wednesday,3,19413
"Balears, Illes",Thursday,3,19802
"Palmas, Las",Thursday,3,26516
Santa Cruz de Tenerife,Thursday,3,21633
"Balears, Illes",Friday,3,22300
"Palmas, Las",Friday,3,29036
Santa Cruz de Tenerife,Friday,3,23873
"Balears, Illes",Saturday,3,21950
"Palmas, Las",Saturday,3,25996
Santa Cruz de Tenerife,Saturday,3,21571
"Balears, Illes",Sunday,3,20057
"Palmas, Las",Sunday,3,25715
Santa Cruz de Tenerife,Sunday,3,20967
"Balears, Illes",Monday,3,20477
"Palmas, Las",Monday,3,21765
Santa Cruz de Tenerife,Monday,3,19796
"Balears, Illes",Tuesday,3,19129
"Palmas, Las",Tuesday,3,22579
Santa Cruz de Tenerife,Tuesday,3,18256
"Balears, Illes",Wednesday,3,22388
"Palmas, Las",Wednesday,3,24751
Santa Cruz de Tenerife,Wednesday,3,22214
"Balears, Illes",Thursday,3,21544
"Palmas, Las",Thursday,3,26656
Santa Cruz de Tenerife,Thursday,3,22377
"Balears, Illes",Friday,3,19315
"Palmas, Las",Friday,3,21666
Santa Cruz de Tenerife,Friday,3,19421
"Balears, Illes",Saturday,3,17453
"Palmas, Las",Saturday,3,25661
Santa Cruz de Tenerife,Saturday,3,21035
"Balears, Illes",Sunday,3,19235
"Palmas, Las",Sunday,3,26177
Santa Cruz de Tenerife,Sunday,3,23194
"Balears, Illes",Monday,4,23688
"Palmas, Las",Monday,4,24360
Santa Cruz de Tenerife,Monday,4,21708
"Balears, Illes",Tuesday,4,21977
"Palmas, Las",Tuesday,4,21223
Santa Cruz de Tenerife,Tuesday,4,19517
"Balears, Illes",Wednesday,4,19830
"Palmas, Las",Wednesday,4,22316
Santa Cruz de Tenerife,Wednesday,4,19656
"Balears, Illes",Thursday,4,20843
"Palmas, Las",Thursday,4,22635
Santa Cruz de Tenerife,Thursday,4,19765
"Balears, Illes",Friday,4,23591
"Palmas, Las",Friday,4,21875
Santa Cruz de Tenerife,Friday,4,22310
"Balears, Illes",Saturday,4,22143
"Palmas, Las",Saturday,4,22414
Santa Cruz de Tenerife,Saturday,4,19206
"Balears, Illes",Sunday,4,28180
"Palmas, Las",Sunday,4,22955
Santa Cruz de Tenerife,Sunday,4,17562
"Balears, Illes",Monday,4,23667
"Palmas, Las",Monday,4,20623
Santa Cruz de Tenerife,Monday,4,20775
"Balears, Illes",Tuesday,4,19730
"Palmas, Las",Tuesday,4,19678
Santa Cruz de Tenerife,Tuesday,4,17362
"Balears, Illes",Wednesday,4,19328
"Palmas, Las",Wednesday,4,20413
Santa Cruz de Tenerife,Wednesday,4,18698
"Balears, Illes",Thursday,4,21706
"Palmas, Las",Thursday,4,22961
Santa Cruz de Tenerife,Thursday,4,18963
"Balears, Illes",Friday,4,24614
"Palmas, Las",Friday,4,20982
Santa Cruz de Tenerife,Friday,4,21780
"Balears, Illes",Saturday,4,19655
"Palmas, Las",Saturday,4,22487
Santa Cruz de Tenerife,Saturday,4,17322
"Balears, Illes",Sunday,4,19843
"Palmas, Las",Sunday,4,21022
Santa Cruz de Tenerife,Sunday,4,19941
"Balears, Illes",Monday,4,22829
"Palmas, Las",Monday,4,21371
Santa Cruz de Tenerife,Monday,4,19422
"Balears, Illes",Tuesday,4,19821
"Palmas, Las",Tuesday,4,19492
Santa Cruz de Tenerife,Tuesday,4,18058
"Balears, Illes",Wednesday,4,20813
"Palmas, Las",Wednesday,4,20761
Santa Cruz de Tenerife,Wednesday,4,19425
"Balears, Illes",Thursday,4,23247
"Palmas, Las",Thursday,4,21761
Santa Cruz de Tenerife,Thursday,4,19125
"Balears, Illes",Friday,4,25391
"Palmas, Las",Friday,4,20928
Santa Cruz de Tenerife,Friday,4,20002
"Balears, Illes",Saturday,4,20260
"Palmas, Las",Saturday,4,19688
Santa Cruz de Tenerife,Saturday,4,15979
"Balears, Illes",Sunday,4,21461
"Palmas, Las",Sunday,4,19889
Santa Cruz de Tenerife,Sunday,4,18348
"Balears, Illes",Monday,4,21464
"Palmas, Las",Monday,4,19796
Santa Cruz de Tenerife,Monday,4,18227
"Balears, Illes",Tuesday,4,20841
"Palmas, Las",Tuesday,4,19421
Santa Cruz de Tenerife,Tuesday,4,18214
"Balears, Illes",Wednesday,4,21921
"Palmas, Las",Wednesday,4,20190
Santa Cruz de Tenerife,Wednesday,4,17863
"Balears, Illes",Thursday,4,21520
"Palmas, Las",Thursday,4,21908
Santa Cruz de Tenerife,Thursday,4,18247
"Balears, Illes",Friday,4,26161
"Palmas, Las",Friday,4,21454
Santa Cruz de Tenerife,Friday,4,20128
"Balears, Illes",Saturday,4,22045
"Palmas, Las",Saturday,4,20947
Santa Cruz de Tenerife,Saturday,4,16882
"Balears, Illes",Sunday,4,20897
"Palmas, Las",Sunday,4,20772
Santa Cruz de Tenerife,Sunday,4,17771
"Balears, Illes",Monday,4,22513
"Palmas, Las",Monday,4,20302
Santa Cruz de Tenerife,Monday,4,17795
"Balears, Illes",Tuesday,4,23492
"Palmas, Las",Tuesday,4,20267
Santa Cruz de Tenerife,Tuesday,4,18097
"Balears, Illes",Wednesday,5,23748
"Palmas, Las",Wednesday,5,18924
Santa Cruz de Tenerife,Wednesday,5,14777
"Balears, Illes",Thursday,5,25029
"Palmas, Las",Thursday,5,20059
Santa Cruz de Tenerife,Thursday,5,16679
"Balears, Illes",Friday,5,25794
"Palmas, Las",Friday,5,18741
Santa Cruz de Tenerife,Friday,5,17878
"Balears, Illes",Saturday,5,20444
"Palmas, Las",Saturday,5,18066
Santa Cruz de Tenerife,Saturday,5,17918
"Balears, Illes",Sunday,5,21635
"Palmas, Las",Sunday,5,19285
Santa Cruz de Tenerife,Sunday,5,20939
"Balears, Illes",Monday,5,23774
"Palmas, Las",Monday,5,20048
Santa Cruz de Tenerife,Monday,5,18634
"Balears, Illes",Tuesday,5,20799
"Palmas, Las",Tuesday,5,19487
Santa Cruz de Tenerife,Tuesday,5,16791
"Balears, Illes",Wednesday,5,22000
"Palmas, Las",Wednesday,5,19311
Santa Cruz de Tenerife,Wednesday,5,16609
"Balears, Illes",Thursday,5,24228
"Palmas, Las",Thursday,5,19270
Santa Cruz de Tenerife,Thursday,5,18247
"Balears, Illes",Friday,5,27598
"Palmas, Las",Friday,5,20875
Santa Cruz de Tenerife,Friday,5,19867
"Balears, Illes",Saturday,5,21822
"Palmas, Las",Saturday,5,18699
Santa Cruz de Tenerife,Saturday,5,16115
"Balears, Illes",Sunday,5,22847
"Palmas, Las",Sunday,5,18485
Santa Cruz de Tenerife,Sunday,5,17594
"Balears, Illes",Monday,5,24650
"Palmas, Las",Monday,5,19686
Santa Cruz de Tenerife,Monday,5,17712
"Balears, Illes",Tuesday,5,22595
"Palmas, Las",Tuesday,5,19378
Santa Cruz de Tenerife,Tuesday,5,17538
"Balears, Illes",Wednesday,5,23684
"Palmas, Las",Wednesday,5,19848
Santa Cruz de Tenerife,Wednesday,5,17563
"Balears, Illes",Thursday,5,23909
"Palmas, Las",Thursday,5,19628
Santa Cruz de Tenerife,Thursday,5,17925
"Balears, Illes",Friday,5,29956
"Palmas, Las",Friday,5,20052
Santa Cruz de Tenerife,Friday,5,20064
"Balears, Illes",Saturday,5,23419
"Palmas, Las",Saturday,5,20083
Santa Cruz de Tenerife,Saturday,5,15845
"Balears, Illes",Sunday,5,22023
"Palmas, Las",Sunday,5,19515
Santa Cruz de Tenerife,Sunday,5,17005
"Balears, Illes",Monday,5,23889
"Palmas, Las",Monday,5,19974
Santa Cruz de Tenerife,Monday,5,18883
"Balears, Illes",Tuesday,5,22310
"Palmas, Las",Tuesday,5,18644
Santa Cruz de Tenerife,Tuesday,5,16960
"Balears, Illes",Wednesday,5,23745
"Palmas, Las",Wednesday,5,19449
Santa Cruz de Tenerife,Wednesday,5,17132
"Balears, Illes",Thursday,5,26322
"Palmas, Las",Thursday,5,19761
Santa Cruz de Tenerife,Thursday,5,18671
"Balears, Illes",Friday,5,29285
"Palmas, Las",Friday,5,20682
Santa Cruz de Tenerife,Friday,5,19003
"Balears, Illes",Saturday,5,23335
"Palmas, Las",Saturday,5,18308
Santa Cruz de Tenerife,Saturday,5,15641
"Balears, Illes",Sunday,5,24462
"Palmas, Las",Sunday,5,18334
Santa Cruz de Tenerife,Sunday,5,17436
"Balears, Illes",Monday,5,26456
"Palmas, Las",Monday,5,18804
Santa Cruz de Tenerife,Monday,5,17555
"Balears, Illes",Tuesday,5,22932
"Palmas, Las",Tuesday,5,17903
Santa Cruz de Tenerife,Tuesday,5,17863
"Balears, Illes",Wednesday,5,22844
"Palmas, Las",Wednesday,5,20203
Santa Cruz de Tenerife,Wednesday,5,17917
"Balears, Illes",Thursday,5,26248
"Palmas, Las",Thursday,5,18912
Santa Cruz de Tenerife,Thursday,5,17696
"Balears, Illes",Friday,5,30353
"Palmas, Las",Friday,5,19143
Santa Cruz de Tenerife,Friday,5,17951
"Balears, Illes",Saturday,6,24441
"Palmas, Las",Saturday,6,18683
Santa Cruz de Tenerife,Saturday,6,16095
"Balears, Illes",Sunday,6,26064
"Palmas, Las",Sunday,6,22380
Santa Cruz de Tenerife,Sunday,6,20343
"Balears, Illes",Monday,6,27709
"Palmas, Las",Monday,6,20760
Santa Cruz de Tenerife,Monday,6,19614
"Balears, Illes",Tuesday,6,23584
"Palmas, Las",Tuesday,6,18414
Santa Cruz de Tenerife,Tuesday,6,17865
"Balears, Illes",Wednesday,6,24952
"Palmas, Las",Wednesday,6,19781
Santa Cruz de Tenerife,Wednesday,6,17428
"Balears, Illes",Thursday,6,27609
"Palmas, Las",Thursday,6,20088
Santa Cruz de Tenerife,Thursday,6,19565
"Balears, Illes",Friday,6,31595
"Palmas, Las",Friday,6,20813
Santa Cruz de Tenerife,Friday,6,20001
"Balears, Illes",Saturday,6,26160
"Palmas, Las",Saturday,6,19840
Santa Cruz de Tenerife,Saturday,6,16872
"Balears, Illes",Sunday,6,27141
"Palmas, Las",Sunday,6,19644
Santa Cruz de Tenerife,Sunday,6,18186
"Balears, Illes",Monday,6,30899
"Palmas, Las",Monday,6,20380
Santa Cruz de Tenerife,Monday,6,18300
"Balears, Illes",Tuesday,6,25340
"Palmas, Las",Tuesday,6,18583
Santa Cruz de Tenerife,Tuesday,6,17578
"Balears, Illes",Wednesday,6,28127
"Palmas, Las",Wednesday,6,19860
Santa Cruz de Tenerife,Wednesday,6,17102
"Balears, Illes",Thursday,6,30354
"Palmas, Las",Thursday,6,19664
Santa Cruz de Tenerife,Thursday,6,18335
"Balears, Illes",Friday,6,34294
"Palmas, Las",Friday,6,20327
Santa Cruz de Tenerife,Friday,6,20008
"Balears, Illes",Saturday,6,27502
"Palmas, Las",Saturday,6,18683
Santa Cruz de Tenerife,Saturday,6,17413
"Balears, Illes",Sunday,6,27288
"Palmas, Las",Sunday,6,20459
Santa Cruz de Tenerife,Sunday,6,17991
"Balears, Illes",Monday,6,29700
"Palmas, Las",Monday,6,20788
Santa Cruz de Tenerife,Monday,6,18297
"Balears, Illes",Tuesday,6,27455
"Palmas, Las",Tuesday,6,19405
Santa Cruz de Tenerife,Tuesday,6,17853
"Balears, Illes",Wednesday,6,29238
"Palmas, Las",Wednesday,6,19659
Santa Cruz de Tenerife,Wednesday,6,17302
"Balears, Illes",Thursday,6,31677
"Palmas, Las",Thursday,6,20372
Santa Cruz de Tenerife,Thursday,6,18866
"Balears, Illes",Friday,6,37026
"Palmas, Las",Friday,6,22182
Santa Cruz de Tenerife,Friday,6,20678
"Balears, Illes",Saturday,6,32277
"Palmas, Las",Saturday,6,21525
Santa Cruz de Tenerife,Saturday,6,16971
"Balears, Illes",Sunday,6,28203
"Palmas, Las",Sunday,6,18228
Santa Cruz de Tenerife,Sunday,6,18066
"Balears, Illes",Monday,6,30426
"Palmas, Las",Monday,6,21753
Santa Cruz de Tenerife,Monday,6,18490
"Balears, Illes",Tuesday,6,29930
"Palmas, Las",Tuesday,6,20288
Santa Cruz de Tenerife,Tuesday,6,17610
"Balears, Illes",Wednesday,6,28955
"Palmas, Las",Wednesday,6,19504
Santa Cruz de Tenerife,Wednesday,6,17204
"Balears, Illes",Thursday,6,32145
"Palmas, Las",Thursday,6,20540
Santa Cruz de Tenerife,Thursday,6,19317
"Balears, Illes",Friday,6,35834
"Palmas, Las",Friday,6,20186
Santa Cruz de Tenerife,Friday,6,22755
"Balears, Illes",Saturday,6,29333
"Palmas, Las",Saturday,6,19222
Santa Cruz de Tenerife,Saturday,6,19926
"Balears, Illes",Sunday,6,31949
"Palmas, Las",Sunday,6,24243
Santa Cruz de Tenerife,Sunday,6,17360
"Balears, Illes",Monday,7,30952
"Palmas, Las",Monday,7,21535
Santa Cruz de Tenerife,Monday,7,18975
"Balears, Illes",Tuesday,7,28176
"Palmas, Las",Tuesday,7,19840
Santa Cruz de Tenerife,Tuesday,7,17376
"Balears, Illes",Wednesday,7,28240
"Palmas, Las",Wednesday,7,20098
Santa Cruz de Tenerife,Wednesday,7,18464
"Balears, Illes",Thursday,7,30226
"Palmas, Las",Thursday,7,21759
Santa Cruz de Tenerife,Thursday,7,17892
"Balears, Illes",Friday,7,35235
"Palmas, Las",Friday,7,23040
Santa Cruz de Tenerife,Friday,7,19121
"Balears, Illes",Saturday,7,28736
"Palmas, Las",Saturday,7,20141
Santa Cruz de Tenerife,Saturday,7,16133
"Balears, Illes",Sunday,7,29630
"Palmas, Las",Sunday,7,18677
Santa Cruz de Tenerife,Sunday,7,22052
"Balears, Illes",Monday,7,32717
"Palmas, Las",Monday,7,20639
Santa Cruz de Tenerife,Monday,7,20111
"Balears, Illes",Tuesday,7,28900
"Palmas, Las",Tuesday,7,18536
Santa Cruz de Tenerife,Tuesday,7,16675
"Balears, Illes",Wednesday,7,33020
"Palmas, Las",Wednesday,7,20815
Santa Cruz de Tenerife,Wednesday,7,18124
"Balears, Illes",Thursday,7,30754
"Palmas, Las",Thursday,7,20162
Santa Cruz de Tenerife,Thursday,7,17767
"Balears, Illes",Friday,7,34280
"Palmas, Las",Friday,7,23084
Santa Cruz de Tenerife,Friday,7,19468
"Balears, Illes",Saturday,7,29206
"Palmas, Las",Saturday,7,19224
Santa Cruz de Tenerife,Saturday,7,17047
"Balears, Illes",Sunday,7,30456
"Palmas, Las",Sunday,7,19812
Santa Cruz de Tenerife,Sunday,7,18711
"Balears, Illes",Monday,7,32555
"Palmas, Las",Monday,7,21311
Santa Cruz de Tenerife,Monday,7,19672
"Balears, Illes",Tuesday,7,30826
"Palmas, Las",Tuesday,7,19878
Santa Cruz de Tenerife,Tuesday,7,17342
"Balears, Illes",Wednesday,7,28470
"Palmas, Las",Wednesday,7,21040
Santa Cruz de Tenerife,Wednesday,7,18637
"Balears, Illes",Thursday,7,32931
"Palmas, Las",Thursday,7,21129
Santa Cruz de Tenerife,Thursday,7,19795
"Balears, Illes",Friday,7,32681
"Palmas, Las",Friday,7,21760
Santa Cruz de Tenerife,Friday,7,20927
"Balears, Illes",Saturday,7,33730
"Palmas, Las",Saturday,7,21173
Santa Cruz de Tenerife,Saturday,7,18371
"Balears, Illes",Sunday,7,29596
"Palmas, Las",Sunday,7,20958
Santa Cruz de Tenerife,Sunday,7,17974
"Balears, Illes",Monday,7,34332
"Palmas, Las",Monday,7,21657
Santa Cruz de Tenerife,Monday,7,19895
"Balears, Illes",Tuesday,7,30034
"Palmas, Las",Tuesday,7,20686
Santa Cruz de Tenerife,Tuesday,7,17953
"Balears, Illes",Wednesday,7,31084
"Palmas, Las",Wednesday,7,21102
Santa Cruz de Tenerife,Wednesday,7,19091
"Balears, Illes",Thursday,7,35006
"Palmas, Las",Thursday,7,21043
Santa Cruz de Tenerife,Thursday,7,19855
"Balears, Illes",Friday,7,37429
"Palmas, Las",Friday,7,21467
Santa Cruz de Tenerife,Friday,7,21604
"Balears, Illes",Saturday,7,33808
"Palmas, Las",Saturday,7,23005
Santa Cruz de Tenerife,Saturday,7,17372
"Balears, Illes",Sunday,7,30994
"Palmas, Las",Sunday,7,21502
Santa Cruz de Tenerife,Sunday,7,18308
"Balears, Illes",Monday,7,32762
"Palmas, Las",Monday,7,21253
Santa Cruz de Tenerife,Monday,7,18967
"Balears, Illes",Tuesday,7,30343
"Palmas, Las",Tuesday,7,20261
Santa Cruz de Tenerife,Tuesday,7,18250
"Balears, Illes",Wednesday,7,31477
"Palmas, Las",Wednesday,7,21134
Santa Cruz de Tenerife,Wednesday,7,18333
"Balears, Illes",Thursday,8,36316
"Palmas, Las",Thursday,8,21725
Santa Cruz de Tenerife,Thursday,8,18505
"Balears, Illes",Friday,8,36494
"Palmas, Las",Friday,8,21817
Santa Cruz de Tenerife,Friday,8,19766
"Balears, Illes",Saturday,8,34766
"Palmas, Las",Saturday,8,20587
Santa Cruz de Tenerife,Saturday,8,17214
"Balears, Illes",Sunday,8,32900
"Palmas, Las",Sunday,8,19354
Santa Cruz de Tenerife,Sunday,8,18241
"Balears, Illes",Monday,8,37777
"Palmas, Las",Monday,8,21928
Santa Cruz de Tenerife,Monday,8,20329
"Balears, Illes",Tuesday,8,34142
"Palmas, Las",Tuesday,8,20001
Santa Cruz de Tenerife,Tuesday,8,18687
"Balears, Illes",Wednesday,8,32871
"Palmas, Las",Wednesday,8,20092
Santa Cruz de Tenerife,Wednesday,8,17854
"Balears, Illes",Thursday,8,31491
"Palmas, Las",Thursday,8,20084
Santa Cruz de Tenerife,Thursday,8,18658
"Balears, Illes",Friday,8,36676
"Palmas, Las",Friday,8,21700
Santa Cruz de Tenerife,Friday,8,21272
"Balears, Illes",Saturday,8,32636
"Palmas, Las",Saturday,8,20660
Santa Cruz de Tenerife,Saturday,8,18541
"Balears, Illes",Sunday,8,32137
"Palmas, Las",Sunday,8,20773
Santa Cruz de Tenerife,Sunday,8,19036
"Balears, Illes",Monday,8,34071
"Palmas, Las",Monday,8,23224
Santa Cruz de Tenerife,Monday,8,19741
"Balears, Illes",Tuesday,8,29338
"Palmas, Las",Tuesday,8,20483
Santa Cruz de Tenerife,Tuesday,8,17350
"Balears, Illes",Wednesday,8,29578
"Palmas, Las",Wednesday,8,21516
Santa Cruz de Tenerife,Wednesday,8,19035
"Balears, Illes",Thursday,8,30073
"Palmas, Las",Thursday,8,20058
Santa Cruz de Tenerife,Thursday,8,18130
"Balears, Illes",Friday,8,35121
"Palmas, Las",Friday,8,21719
Santa Cruz de Tenerife,Friday,8,21458
"Balears, Illes",Saturday,8,31774
"Palmas, Las",Saturday,8,22731
Santa Cruz de Tenerife,Saturday,8,17979
"Balears, Illes",Sunday,8,31811
"Palmas, Las",Sunday,8,22018
Santa Cruz de Tenerife,Sunday,8,20201
"Balears, Illes",Monday,8,32975
"Palmas, Las",Monday,8,22462
Santa Cruz de Tenerife,Monday,8,19306
"Balears, Illes",Tuesday,8,29277
"Palmas, Las",Tuesday,8,21073
Santa Cruz de Tenerife,Tuesday,8,18430
"Balears, Illes",Wednesday,8,27755
"Palmas, Las",Wednesday,8,20151
Santa Cruz de Tenerife,Wednesday,8,17578
"Balears, Illes",Thursday,8,31238
"Palmas, Las",Thursday,8,20267
Santa Cruz de Tenerife,Thursday,8,17882
"Balears, Illes",Friday,8,32678
"Palmas, Las",Friday,8,20687
Santa Cruz de Tenerife,Friday,8,19632
"Balears, Illes",Saturday,8,30327
"Palmas, Las",Saturday,8,20196
Santa Cruz de Tenerife,Saturday,8,16524
"Balears, Illes",Sunday,8,30333
"Palmas, Las",Sunday,8,19363
Santa Cruz de Tenerife,Sunday,8,18194
"Balears, Illes",Monday,8,30282
"Palmas, Las",Monday,8,22176
Santa Cruz de Tenerife,Monday,8,19253
"Balears, Illes",Tuesday,8,27648
"Palmas, Las",Tuesday,8,19650
Santa Cruz de Tenerife,Tuesday,8,17794
"Balears, Illes",Wednesday,8,25025
"Palmas, Las",Wednesday,8,19028
Santa Cruz de Tenerife,Wednesday,8,17306
"Balears, Illes",Thursday,8,28446
"Palmas, Las",Thursday,8,21518
Santa Cruz de Tenerife,Thursday,8,17246
"Balears, Illes",Friday,8,29990
"Palmas, Las",Friday,8,20414
Santa Cruz de Tenerife,Friday,8,20610
"Balears, Illes",Saturday,8,26557
"Palmas, Las",Saturday,8,19548
Santa Cruz de Tenerife,Saturday,8,16538
"Balears, Illes",Sunday,9,29416
"Palmas, Las",Sunday,9,19484
Santa Cruz de Tenerife,Sunday,9,18481
"Balears, Illes",Monday,9,31700
"Palmas, Las",Monday,9,19880
Santa Cruz de Tenerife,Monday,9,18103
"Balears, Illes",Tuesday,9,25288
"Palmas, Las",Tuesday,9,18104
Santa Cruz de Tenerife,Tuesday,9,16502
"Balears, Illes",Wednesday,9,23458
"Palmas, Las",Wednesday,9,19380
Santa Cruz de Tenerife,Wednesday,9,16365
"Balears, Illes",Thursday,9,29155
"Palmas, Las",Thursday,9,19390
Santa Cruz de Tenerife,Thursday,9,17735
"Balears, Illes",Friday,9,31247
"Palmas, Las",Friday,9,20943
Santa Cruz de Tenerife,Friday,9,19636
"Balears, Illes",Saturday,9,29052
"Palmas, Las",Saturday,9,21073
Santa Cruz de Tenerife,Saturday,9,18940
"Balears, Illes",Sunday,9,28611
"Palmas, Las",Sunday,9,18835
Santa Cruz de Tenerife,Sunday,9,18165
"Balears, Illes",Monday,9,28342
"Palmas, Las",Monday,9,23212
Santa Cruz de Tenerife,Monday,9,18040
"Balears, Illes",Tuesday,9,24540
"Palmas, Las",Tuesday,9,19603
Santa Cruz de Tenerife,Tuesday,9,17234
"Balears, Illes",Wednesday,9,24551
"Palmas, Las",Wednesday,9,19176
Santa Cruz de Tenerife,Wednesday,9,17067
"Balears, Illes",Thursday,9,26562
"Palmas, Las",Thursday,9,18935
Santa Cruz de Tenerife,Thursday,9,18025
"Balears, Illes",Friday,9,29545
"Palmas, Las",Friday,9,20317
Santa Cruz de Tenerife,Friday,9,21159
"Balears, Illes",Saturday,9,23738
"Palmas, Las",Saturday,9,20859
Santa Cruz de Tenerife,Saturday,9,16738
"Balears, Illes",Sunday,9,24833
"Palmas, Las",Sunday,9,20715
Santa Cruz de Tenerife,Sunday,9,17420
"Balears, Illes",Monday,9,26767
"Palmas, Las",Monday,9,20486
Santa Cruz de Tenerife,Monday,9,19562
"Balears, Illes",Tuesday,9,23174
"Palmas, Las",Tuesday,9,19081
Santa Cruz de Tenerife,Tuesday,9,17761
"Balears, Illes",Wednesday,9,24534
"Palmas, Las",Wednesday,9,19185
Santa Cruz de Tenerife,Wednesday,9,17244
"Balears, Illes",Thursday,9,27385
"Palmas, Las",Thursday,9,19748
Santa Cruz de Tenerife,Thursday,9,18204
"Balears, Illes",Friday,9,29945
"Palmas, Las",Friday,9,20443
Santa Cruz de Tenerife,Friday,9,19540
"Balears, Illes",Saturday,9,23509
"Palmas, Las",Saturday,9,21449
Santa Cruz de Tenerife,Saturday,9,16494
"Balears, Illes",Sunday,9,25521
"Palmas, Las",Sunday,9,20351
Santa Cruz de Tenerife,Sunday,9,18153
"Balears, Illes",Monday,9,26714
"Palmas, Las",Monday,9,20527
Santa Cruz de Tenerife,Monday,9,18348
"Balears, Illes",Tuesday,9,23759
"Palmas, Las",Tuesday,9,19302
Santa Cruz de Tenerife,Tuesday,9,17329
"Balears, Illes",Wednesday,9,23959
"Palmas, Las",Wednesday,9,20034
Santa Cruz de Tenerife,Wednesday,9,20174
"Balears, Illes",Thursday,9,25204
"Palmas, Las",Thursday,9,19557
Santa Cruz de Tenerife,Thursday,9,18197
"Balears, Illes",Friday,9,28167
"Palmas, Las",Friday,9,23932
Santa Cruz de Tenerife,Friday,9,20061
"Balears, Illes",Saturday,9,23193
"Palmas, Las",Saturday,9,19018
Santa Cruz de Tenerife,Saturday,9,16318
"Balears, Illes",Sunday,9,23447
"Palmas, Las",Sunday,9,18728
Santa Cruz de Tenerife,Sunday,9,17824
"Balears, Illes",Monday,9,26655
"Palmas, Las",Monday,9,19614
Santa Cruz de Tenerife,Monday,9,18937
